4000138	Female Boss	Parlor
4010006	Murupa	Snow-covered Field 1
2000006	Kid Mannequin	5th Floor 6th Floor Area A
2000011	Extra D	Parking Lot
2020016	Giant Cake	Sweet Cake Hill 3
2022024	Fire Raccoon	Forest of Animals
2022026	Big Cloud Fox	A Desolate Cemetery
2043705	Female Boss	Parlor
2040716	Female Boss	Parlor
2040908	Leader B	Parking Lot
2040510	Big Cloud Fox	A Desolate Cemetery
1072239	Female Boss	Parlor
1422013	Blue Wyvern	Blue Wyvern's Nest
1402016	Dark Cornian	The Hidden Dragon Tomb II
1442020	Brexton	Dragon Forest III
1432011	Blue Kentaurus	The Area of Blue Kentaurus
1332022	Death Teddy	Forgotten Path of Time<3>
1312015	Imperial Guard	<Year 2503> Air Battleship Bow
1382010	Overlord B	<Year 2099> Midnight Harbor Warehouse
1372009	Firebrand	Mage Mastery Room
1082085	Triple Rumo	Lab - Unit 103
1472033	Blue Dragon Turtle	Entrance to Dragon Forest
4000225	Dreamy Ghost	Encounter with the Buddha
2000004	Fancy Amplifier 	7th Floor 8th Floor Area C
2070013	Dreamy Ghost	Encounter with the Buddha
2002005	Meerkat	North Desert Road 1
2022018	Dreamy Ghost	Encounter with the Buddha
2040306	Dreamy Ghost	Encounter with the Buddha
2043704	Dreamy Ghost	Encounter with the Buddha
2044605	Dreamy Ghost	Encounter with the Buddha
2041034	Dreamy Ghost	Encounter with the Buddha
1032019	Grupin	Garden of Green II
1102013	Dreamy Ghost	Encounter with the Buddha
1322026	Mask Fish	The Seaweed Tower
1092015	Booper Scarlion	Fantasy Theme Park 2
1382016	Dreamy Ghost	Encounter with the Buddha
1002276	Master Death Teddy	Lost Time
1002403	Rexton	Dragon Forest II
1472027	Yabber Doo	Fantasy Theme Park 2
2022027	Nightghost	A Desolate Cemetery
2002008	Vikerola	Fantasy Theme Park 3
2040813	Extra B	Showa Street 1
2041040	Nightghost	A Desolate Cemetery
1032026	Rurumo	Lab - Area B-3
1372011	Black Crow	Encounter with the Buddha
2002011	Rodeo	Muddy Banks 2
4032024	I.AM.ROBOT	Mountain Slopes
4032025	Wolf Spider	Wolf Spider Cavern
4020006	Murupa	Snow-covered Field 1
4020008	Fancy Amplifier 	7th Floor 8th Floor Area C
4010001	Blue Snail	Purple Plains 1
4004001	Royal Cactus	Cactus Desert 2
2070006	Maverick Type S	<Year 2230> Dangerous Tower Ventilator
2044404	Wolf Spider	Wolf Spider Cavern
2044702	Copper Drake	The Tunnel That Lost Light I
2044305	Wolf Spider	Wolf Spider Cavern
1102029	Booper Scarlion	Fantasy Theme Park 2
1032023	Lycanthrope	Wolf Territory III
1402004	Lycanthrope	Wolf Territory III
1072210	Homunculus	Lab - Unit 203
1040104	Homun	Lab - Unit 201
1060092	Homun	Lab - Unit 201
1082129	Lycanthrope	Wolf Territory III
1442008	Buffoon	Warped Path of Time<2>
1072178	Dark Rash	Peach Monkey Forest
1050092	Lycanthrope	Wolf Territory III
1002271	Dark Yeti	Sharp Cliff I
1051053	Homunculus	Lab - Unit 203
1382008	Black Kentaurus	The Area of Black Kentaurus
1002275	Homunculus	Lab - Unit 203
1051082	Death Teddy	Forgotten Path of Time<3>
1050064	Froscola	Longest Ride on ByeBye Station
1472028	Red Slime	<Year 2021> Average Town Entrance
1072193	Lycanthrope	Wolf Territory III
1072172	Dark Drake	Cold Cradle
1002285	Beetle	Leafre : East Forest
4000019	Snail	Snail Hunting Ground II
2000000	Tiv	Tiv's Forest
2040002	Red Slime	<Year 2021> Average Town Entrance
2041001	Snail	Snail Hunting Ground II
2060000	Rotting Skeleton	Chimney Possessed by the Skeletons
4010000	Snail	Snail Hunting Ground II
4020000	Snail	Snail Hunting Ground II
2061000	Rotting Skeleton	Chimney Possessed by the Skeletons
1002067	Snail	Snail Hunting Ground II
2010009	Snail	Snail Hunting Ground II
4000000	Blue Snail	Purple Plains 1
2041006	Blue Snail	Purple Plains 1
4020001	Blue Snail	Purple Plains 1
1040013	Blue Snail	Purple Plains 1
1041012	Blue Snail	Purple Plains 1
1060004	Blue Snail	Purple Plains 1
1040017	Blue Snail	Purple Plains 1
1060013	Blue Snail	Purple Plains 1
4000012	Green Mushroom	Tree Dungeon, Forest Up North IV
2043102	Tick-Tock	Whirlpool of Time
2000003	Kid Mannequin	5th Floor 6th Floor Area A
4020003	Murumuru	Snow-covered Field 3
1322000	Green Mushroom	Tree Dungeon, Forest Up North IV
1041044	Green Mushroom	Tree Dungeon, Forest Up North IV
1061037	Green Mushroom	Tree Dungeon, Forest Up North IV
4010004	Red Snail	Adventurer Training Center 2
1092008	Oly Oly	Muddy Banks 1
1041017	Green Mushroom	Tree Dungeon, Forest Up North IV
1061012	Green Mushroom	Tree Dungeon, Forest Up North IV
1462002	Green Mushroom	Tree Dungeon, Forest Up North IV
1041063	Green Mushroom	Tree Dungeon, Forest Up North IV
1061059	Green Mushroom	Tree Dungeon, Forest Up North IV
1452003	Stump	Perion Street Corner
2048000	Bubbling	Line 1 <Area 1>
1002033	Green Mushroom	Tree Dungeon, Forest Up North IV
1302007	Green Mushroom	Tree Dungeon, Forest Up North IV
4020002	Murukun	Dangerous Forest
1032001	Murumuru	Snow-covered Field 3
1002010	Green Mushroom	Tree Dungeon, Forest Up North IV
2000001	Kid Mannequin	5th Floor 6th Floor Area A
1002143	Dead Scarecrow	Chimney Possessed by the Scarecrow
1432005	Fancy Amplifier 	7th Floor 8th Floor Area C
1412012	Slime	The Tree That Grew II
1072285	Emo Slime	Outskirts of Muddy Banks
1482001	Freezer	Suburban Area 1
4000005	Dark Stump	West Domain of Perion
2040802	Vikerola	Fantasy Theme Park 3
1092003	Dark Stump	West Domain of Perion
1002039	Dark Stump	West Domain of Perion
1442000	Murupia	Snow-covered Field 2
1041061	Dark Stump	West Domain of Perion
1061057	Dark Stump	West Domain of Perion
1041018	Dark Stump	West Domain of Perion
1061013	Dark Stump	West Domain of Perion
1382000	Dark Stump	West Domain of Perion
1302006	Dark Stump	West Domain of Perion
1482000	Octobunny	Mysterious Path 2
1002613	Nospeed	Central Way 3
4000006	Octopus	Tree Dungeon, Forest Up North III
2043002	Sakura Cellion	Purple Plains 1
1422000	Octopus	Tree Dungeon, Forest Up North III
1092000	Octopus	Tree Dungeon, Forest Up North III
4010003	Stump	Perion Street Corner
1041026	Octopus	Tree Dungeon, Forest Up North III
1061022	Octopus	Tree Dungeon, Forest Up North III
1040037	Octopus	Tree Dungeon, Forest Up North III
1060027	Octopus	Tree Dungeon, Forest Up North III
4000018	Axe Stump	Deep Valley I
2043202	Biner	Central Way 2
1372001	Biner	Central Way 2
1072008	Biner	Central Way 2
4010005	Muru	Dangerous Forest
4020004	Red Snail	Adventurer Training Center 2
1312016	Biner	Central Way 2
1402001	Red Snail	Adventurer Training Center 2
1032003	Murukun	Dangerous Forest
1092007	Biner	Central Way 2
1040019	Axe Stump	Deep Valley I
1060015	Axe Stump	Deep Valley I
1041045	Axe Stump	Deep Valley I
1061038	Axe Stump	Deep Valley I
1002118	Axe Stump	Deep Valley I
1382004	Axe Stump	Deep Valley I
1402009	Biner	Central Way 2
1492001	Slimy	Ghost Ship 2
4000195	Ghost Stump	Deep Valley II
4020007	Murupia	Snow-covered Field 2
2040501	Fancy Amplifier 	7th Floor 8th Floor Area C
2040801	Fancy Amplifier 	7th Floor 8th Floor Area C
1041062	Ghost Stump	Deep Valley II
1061058	Ghost Stump	Deep Valley II
1050010	Ghost Stump	Deep Valley II
2048001	Rodeo	Muddy Banks 2
1041029	Ghost Stump	Deep Valley II
1061027	Ghost Stump	Deep Valley II
1072046	Ghost Stump	Deep Valley II
1072066	Ghost Stump	Deep Valley II
1082018	Ghost Stump	Deep Valley II
1002107	Ghost Stump	Deep Valley II
1002113	Ghost Stump	Deep Valley II
1050003	Ghost Stump	Deep Valley II
1082180	Rodeo	Muddy Banks 2
2044802	Trucker	Suburban Area 2
4000011	Shroom	Mushroom Garden
2041007	Fancy Amplifier 	7th Floor 8th Floor Area C
4010002	Murukun	Dangerous Forest
1332006	Urban Fungus	Jungle Valley 
1062000	Shroom	Mushroom Garden
1060007	Muru	Dangerous Forest
1061009	Shroom	Mushroom Garden
1002610	Biner	Central Way 2
4000017	Pig	Pirate Training Center
2041021	Red Slime	<Year 2021> Average Town Entrance
2040702	Pig	Pig Town
1002008	Muru	Dangerous Forest
1062002	Pig	Pirate Training Center
1472000	Pig	Pig Town
4000021	Soul Teddy	Forgotten Path of Time<1>
1061028	Pig	Pirate Training Center
1041014	Murupia	Snow-covered Field 2
1040034	Pig	Pirate Training Center
4000002	Ribbon Pig	L Forest II
4003004	Ribbon Pig	L Forest II
2040902	Green Mushroom	Tree Dungeon, Forest Up North IV
1040011	Ribbon Pig	L Forest II
1060024	Ribbon Pig	L Forest II
1402018	Pig	Pirate Training Center
1040014	Murupia	Snow-covered Field 2
1492000	Chlorotrap	Outskirts of Muddy Banks
1052098	Dark Fission	Muddy Banks 1
4000001	Orange Mushroom	L Forest III
2040705	Booper Scarlion	Fantasy Theme Park 2
1072004	Murupia	Snow-covered Field 2
1002043	Orange Mushroom	L Forest III
1432000	Slime	The Tree That Grew II
1312000	Orange Mushroom	L Forest III
1082012	Orange Mushroom	L Forest III
1072015	Orange Mushroom	L Forest III
1072031	Orange Mushroom	L Forest III
1052095	Stopnow	Central Way 1
2330000	Orange Mushroom	L Forest III
2041015	Bubbling	Line 1 <Area 1>
2043302	Street Slime	Jungle Clearing
2041004	Fancy Amplifier 	7th Floor 8th Floor Area C
4020005	Muru	Dangerous Forest
4000037	Bubbling	Line 1 <Area 1>
1002075	Bubbling	Line 1 <Area 1>
1040035	Bubbling	Line 1 <Area 1>
1060025	Bubbling	Line 1 <Area 1>
1072019	Bubbling	Line 1 <Area 1>
1432008	Bubbling	Line 1 <Area 1>
4006000	Bubbling	Line 1 <Area 1>
4000003	Stump	Perion Street Corner
2041008	Gold Slime  	<Year 2021> Average Town Outskirt
2040402	Rexton	Dragon Forest II
1332000	Stump	Perion Street Corner
1072007	Stump	Perion Street Corner
1082003	Murupia	Snow-covered Field 2
1061014	Murupia	Snow-covered Field 2
4000016	Red Snail	Adventurer Training Center 2
2041009	Orange Mushroom	L Forest III
2040502	Red Snail	Adventurer Training Center 2
1322007	Jester Scarlion	Longest Ride on ByeBye Station
1372002	Red Snail	Adventurer Training Center 2
1082029	Red Snail	Adventurer Training Center 2
1072060	Red Snail	Adventurer Training Center 2
1061029	Red Snail	Adventurer Training Center 2
4000324	Desert Rabbit (F)	Outside East Entrance of Ariant
2040601	Killa Bee	Soul Corridor
1382002	Stopnow	Central Way 1
1002119	Desert Rabbit (F)	Outside East Entrance of Ariant
1332010	Boomer	Jungle Valley 
1050025	Desert Rabbit (F)	Outside East Entrance of Ariant
1082002	Desert Rabbit (F)	Outside East Entrance of Ariant
1032009	Desert Rabbit (F)	Outside East Entrance of Ariant
1050005	Desert Rabbit (F)	Outside East Entrance of Ariant
4010007	Desert Rabbit (F)	Outside East Entrance of Ariant
1072288	Octobunny	Mysterious Path 2
2040420	Desert Rabbit (F)	Outside East Entrance of Ariant
2049000	Red Slime	<Year 2021> Average Town Entrance
4000325	Desert Rabbit (M)	Tent of the Entertainers
2002002	Stopnow	Central Way 1
2044602	Overlord B	<Year 2099> Midnight Harbor Warehouse
1092021	Desert Rabbit (M)	Tent of the Entertainers
1472006	Desert Rabbit (M)	Tent of the Entertainers
1060017	Desert Rabbit (M)	Tent of the Entertainers
1002129	Desert Rabbit (M)	Tent of the Entertainers
1041027	Trucker	Suburban Area 2
1061025	Trucker	Suburban Area 2
1082183	Desert Rabbit (M)	Tent of the Entertainers
2044210	Desert Rabbit (M)	Tent of the Entertainers
4000329	Jr. Cactus	Outside the West Entrance of Ariant
2044102	Jr. Cactus	Outside the West Entrance of Ariant
1051004	Jr. Cactus	Outside the West Entrance of Ariant
1050024	Jr. Cactus	Outside the West Entrance of Ariant
1032006	Jr. Cactus	Outside the West Entrance of Ariant
1002048	Jr. Cactus	Outside the West Entrance of Ariant
1072027	Jr. Cactus	Outside the West Entrance of Ariant
1040044	Freezer	Suburban Area 1
1060033	Freezer	Suburban Area 1
1462003	Jr. Cactus	Outside the West Entrance of Ariant
2022155	Jr. Cactus	Outside the West Entrance of Ariant
1082186	Jr. Cactus	Outside the West Entrance of Ariant
2044901	Charmer	Hibiscus Road 1
2043212	Jr. Cactus	Outside the West Entrance of Ariant
4000330	Cactus	Cactus Desert 1
1322009	Yabber Doo	Fantasy Theme Park 2
1092002	Cactus	Cactus Desert 1
1432002	Cactus	Cactus Desert 1
1072054	Octobunny	Mysterious Path 2
1082016	Cactus	Cactus Desert 1
1072078	Cactus	Cactus Desert 1
1061054	Cactus	Cactus Desert 1
1041058	Cactus	Cactus Desert 1
1002096	Cactus	Cactus Desert 1
1050011	Freezer	Suburban Area 1
1072291	Cactus	Cactus Desert 1
2044314	Cactus	Cactus Desert 1
4000331	Royal Cactus	Cactus Desert 2
2002003	Royal Cactus	Cactus Desert 2
2041002	Oly Oly	Muddy Banks 1
1442001	Royal Cactus	Cactus Desert 2
1322003	Royal Cactus	Cactus Desert 2
1092019	Royal Cactus	Cactus Desert 2
1072087	Royal Cactus	Cactus Desert 2
1040068	Royal Cactus	Cactus Desert 2
1060057	Royal Cactus	Cactus Desert 2
1082052	Royal Cactus	Cactus Desert 2
1002004	Royal Cactus	Cactus Desert 2
2043214	Royal Cactus	Cactus Desert 2
4000328	Bellamoa	Bellamoa's Cave
4006001	Dead Scarecrow	Chimney Possessed by the Scarecrow
2044002	Stopnow	Central Way 1
1372004	Bellamoa	Bellamoa's Cave
1002013	Bellamoa	Bellamoa's Cave
1072086	Bellamoa	Bellamoa's Cave
1082020	Bellamoa	Bellamoa's Cave
1052101	Bellamoa	Bellamoa's Cave
1482003	Bellamoa	Bellamoa's Cave
2040316	Prototype Lord	<Year 2216> Ruined City Construction Site
2040319	Bellamoa	Bellamoa's Cave
2044412	Bellamoa	Bellamoa's Cave
4000326	Ear Plug Plead	The Scorching Desert
2002004	Ear Plug Plead	The Scorching Desert
2044501	Emo Slime	Outskirts of Muddy Banks
1402002	Ear Plug Plead	The Scorching Desert
1032004	Ear Plug Plead	The Scorching Desert
1050001	Ear Plug Plead	The Scorching Desert
1002055	Ear Plug Plead	The Scorching Desert
1040049	Ear Plug Plead	The Scorching Desert
1060037	Ear Plug Plead	The Scorching Desert
1082068	Ear Plug Plead	The Scorching Desert
1432001	Slime	The Tree That Grew II
1492002	Trucker	Suburban Area 2
2040926	Ear Plug Plead	The Scorching Desert
4000327	Scarf Plead	Frilled Field
2070002	Scarf Plead	Frilled Field
1332004	Psycho Jack	Vanity Room
1382017	Scarf Plead	Frilled Field
1041054	Scarf Plead	Frilled Field
1061050	Scarf Plead	Frilled Field
1002141	Biner	Central Way 2
1051011	Scarf Plead	Frilled Field
1040059	Scarf Plead	Frilled Field
1060045	Scarf Plead	Frilled Field
1492003	Scarf Plead	Frilled Field
4000333	Meerkat	North Desert Road 1
4004002	Meerkat	North Desert Road 1
2043701	Slimy	Ghost Ship 2
1332009	Meerkat	North Desert Road 1
1412004	Meerkat	North Desert Road 1
1040062	Meerkat	North Desert Road 1
1060051	Nospeed	Central Way 3
1050029	Meerkat	North Desert Road 1
1002164	Meerkat	North Desert Road 1
1082005	Meerkat	North Desert Road 1
2044801	Meerkat	North Desert Road 1
2044014	Meerkat	North Desert Road 1
2044214	Meerkat	North Desert Road 1
4000004	Slime	The Tree That Grew II
2041018	Sakura Cellion	Purple Plains 1
4000010	Slime	The Tree That Grew II
2040602	Dead Scarecrow	Chimney Possessed by the Scarecrow
1002019	Murupa	Snow-covered Field 1
1412001	Slime	The Tree That Grew II
1082019	Slime	The Tree That Grew II
1072023	Slime	The Tree That Grew II
4000015	Horny Mushroom	Ant Tunnel IV
1002005	Horny Mushroom	Ant Tunnel IV
1041008	Rotting Skeleton	Chimney Possessed by the Skeletons
1061006	Horny Mushroom	Ant Tunnel IV
1072073	Horny Mushroom	Ant Tunnel IV
1050006	Horny Mushroom	Ant Tunnel IV
1462004	Cloud Fox	The Mountain of Cloud Fox
1060002	Horny Mushroom	Ant Tunnel IV
1082000	Murumuru	Snow-covered Field 3
1002038	Horny Mushroom	Ant Tunnel IV
1302004	Horny Mushroom	Ant Tunnel IV
1052104	Trucker	Suburban Area 2
4000350	Sand Rat	Hill of Sandstorms
1002619	Sand Rat	Hill of Sandstorms
4000351	Scorpion	Sahel 1
2330001	Scorpion	Sahel 1
2043114	Scorpion	Sahel 1
2012002	Dark Axe Stump	East Rocky Mountain V
2044202	Moon Bunny	A Small Well
1051003	Dark Axe Stump	East Rocky Mountain V
1041028	Dark Axe Stump	East Rocky Mountain V
1061026	Dark Axe Stump	East Rocky Mountain V
1072085	Dark Axe Stump	East Rocky Mountain V
1002097	Dark Axe Stump	East Rocky Mountain V
1472009	Wild Boar	East Rocky Mountain VII
1472012	Copper Drake	The Tunnel That Lost Light I
2070009	Dark Axe Stump	East Rocky Mountain V
4000215	Dark Axe Stump	East Rocky Mountain V
1002616	Dark Axe Stump	East Rocky Mountain V
2044012	Dark Axe Stump	East Rocky Mountain V
4000034	Jr. Necki	Swamp of the Jr.Necki
2010003	Rotting Skeleton	Chimney Possessed by the Skeletons
1332008	Rotting Skeleton	Chimney Possessed by the Skeletons
1072069	Jr. Necki	Swamp of the Jr.Necki
1002027	Jr. Necki	Swamp of the Jr.Necki
1041031	Jr. Necki	Swamp of the Jr.Necki
1041021	Jr. Necki	Swamp of the Jr.Necki
1061018	Jr. Necki	Swamp of the Jr.Necki
2048003	Green Mushroom	Tree Dungeon, Forest Up North IV
1482002	Trucker	Suburban Area 2
2040617	Jr. Necki	Swamp of the Jr.Necki
2049100	Annoyed Zombie Mushroom	Ant Tunnel IV
2020014	Klock	Forgotten Path of Time<2>
2040001	Orange Mushroom	L Forest III
2040301	Red Drake	The Tunnel That Lost Light II
2040401	Death Teddy	Forgotten Path of Time<3>
2043201	Trucker	Suburban Area 2
2041016	Jr. Grupin	Garden of Green I
2043801	Dark Fission	Muddy Banks 1
2044001	Horny Mushroom	Ant Tunnel IV
2070000	Trixter	Eos Tower 73rd Floor
1002159	Roid 	Lab - Area C-1
1040041	Bubble Fish	Big Fish Valley
1051005	Wild Boar	East Rocky Mountain VII
1041033	Drumming Bunny	Drummer Bunny's Lair
1041060	Evil Eye	The Cave of Evil Eye III
1082028	Oly Oly	Muddy Banks 1
2040302	Dark Fission	Muddy Banks 1
2043702	Chronos	The Path of Time <2>
2044902	Chronos	The Path of Time <2>
2040418	Pepe	The Crown-Flyer
2040928	Green Hobi	Steep Hill
2044414	Lupin	Monkey Swamp I
4000009	Blue Mushroom	The Road to the Dungeon
1051000	Murukun	Dangerous Forest
1002127	Blue Mushroom	The Road to the Dungeon
1040012	Blue Mushroom	The Road to the Dungeon
1060010	Blue Mushroom	The Road to the Dungeon
1072020	Blue Mushroom	The Road to the Dungeon
2000002	Nependeath	Strolling Path
1072011	Blue Mushroom	The Road to the Dungeon
1332001	Stopnow	Central Way 1
1002178	Stopnow	Central Way 1
4000007	Evil Eye	The Cave of Evil Eye III
2002001	Evil Eye	The Cave of Evil Eye III
2044402	Jester Scarlion	Longest Ride on ByeBye Station
1061056	Evil Eye	The Cave of Evil Eye III
1002047	Evil Eye	The Cave of Evil Eye III
1032008	Freezer	Suburban Area 1
1050026	Evil Eye	The Cave of Evil Eye III
1051012	Evil Eye	The Cave of Evil Eye III
1041032	Evil Eye	The Cave of Evil Eye III
1062006	Evil Eye	The Cave of Evil Eye III
1040021	Batoo	Central Way 2
1041007	Evil Eye	The Cave of Evil Eye III
1422001	Evil Eye	The Cave of Evil Eye III
1060071	Evil Eye	The Cave of Evil Eye III
2040823	Murupia	Snow-covered Field 2
2044010	Gold Slime  	<Year 2021> Average Town Outskirt
4000008	Zombie Mushroom	Ant Tunnel III
2002000	Zombie Mushroom	Ant Tunnel III
2044302	Batoo	Central Way 2
1032000	Batoo	Central Way 2
1452001	Zombie Mushroom	Ant Tunnel III
1412002	Slime	The Tree That Grew II
1002158	Zombie Mushroom	Ant Tunnel III
1040048	Zombie Mushroom	Ant Tunnel III
1060038	Zombie Mushroom	Ant Tunnel III
1372003	Zombie Mushroom	Ant Tunnel III
1060018	Zombie Mushroom	Ant Tunnel III
1040026	Zombie Mushroom	Ant Tunnel III
1040009	Murukun	Dangerous Forest
1050030	Batoo	Central Way 2
1050031	Batoo	Central Way 2
1432003	Batoo	Central Way 2
1002035	Batoo	Central Way 2
1312007	Fancy Amplifier 	7th Floor 8th Floor Area C
4000020	Wild Boar	East Rocky Mountain VII
1041013	Wild Boar	East Rocky Mountain VII
1061024	Wild Boar	East Rocky Mountain VII
1032002	Wild Boar	East Rocky Mountain VII
1002064	Wild Boar	East Rocky Mountain VII
1072039	Wild Boar	East Rocky Mountain VII
1072033	Wild Boar	East Rocky Mountain VII
1402006	Wild Boar	East Rocky Mountain VII
1040079	Wild Boar	East Rocky Mountain VII
1060069	Wild Boar	East Rocky Mountain VII
1002151	Wild Boar	East Rocky Mountain VII
1060050	Nospeed	Central Way 3
1452005	Jr. Sentinel	Orbis Tower <20th Floor>
1002166	Oly Oly	Muddy Banks 1
1412005	Fancy Amplifier 	7th Floor 8th Floor Area C
4000097	Trixter	Eos Tower 73rd Floor
4131000	Trixter	Eos Tower 73rd Floor
2002006	Trixter	Eos Tower 73rd Floor
4004003	Trixter	Eos Tower 73rd Floor
2040900	Trixter	Eos Tower 73rd Floor
1332020	Freezer	Suburban Area 1
1402010	Dark Fission	Muddy Banks 1
1302003	Trixter	Eos Tower 73rd Floor
1312003	Trixter	Eos Tower 73rd Floor
1082017	Trixter	Eos Tower 73rd Floor
1002020	Trixter	Eos Tower 73rd Floor
1050023	Trixter	Eos Tower 73rd Floor
2044114	Trixter	Eos Tower 73rd Floor
4000098	Green Trixter	Eos Tower 71st Floor
4131010	Green Trixter	Eos Tower 71st Floor
2002007	Green Trixter	Eos Tower 71st Floor
1061034	Green Trixter	Eos Tower 71st Floor
1041041	Green Trixter	Eos Tower 71st Floor
1082043	Green Trixter	Eos Tower 71st Floor
1002162	Green Trixter	Eos Tower 71st Floor
1050028	Green Trixter	Eos Tower 71st Floor
1082042	Green Trixter	Eos Tower 71st Floor
2040929	Royal Guard	<Year 2503> Air Battleship Area B
2043112	Green Trixter	Eos Tower 71st Floor
4000161	Seacle	Fish Resting Spot
1322004	Seacle	Fish Resting Spot
1041042	Seacle	Fish Resting Spot
1061035	Seacle	Fish Resting Spot
1032005	Seacle	Fish Resting Spot
2043015	Prototype Lord	<Year 2216> Ruined City Construction Site
4000163	Cico	Fish Resting Spot
1332013	Cico	Fish Resting Spot
1041040	Cico	Fish Resting Spot
1061033	Cico	Fish Resting Spot
1002146	Cico	Fish Resting Spot
1041050	Cico	Fish Resting Spot
1061046	Cico	Fish Resting Spot
1040040	Cico	Fish Resting Spot
1060060	Cico	Fish Resting Spot
2040417	Cico	Fish Resting Spot
4000162	Krappy	Blue Seaweed Road
1402000	Krappy	Blue Seaweed Road
1082026	Krappy	Blue Seaweed Road
1041034	Krappy	Blue Seaweed Road
1072051	Krappy	Blue Seaweed Road
1041051	Krappy	Blue Seaweed Road
1061047	Nospeed	Central Way 3
2043110	Overlord B	<Year 2099> Midnight Harbor Warehouse
4000160	Pinboom	The Sharp Unknown
1072065	Pinboom	The Sharp Unknown
1002131	Pinboom	The Sharp Unknown
2040623	Pinboom	The Sharp Unknown
4000164	Bubble Fish	Big Fish Valley
1032007	Bubble Fish	Big Fish Valley
2040701	Bubble Fish	Big Fish Valley
1002034	Bubble Fish	Big Fish Valley
1060030	Bubble Fish	Big Fish Valley
1050021	Dead Scarecrow	Chimney Possessed by the Scarecrow
1051007	Stopnow	Central Way 1
1002065	Bubble Fish	Big Fish Valley
4000196	Wooden Mask	Excavation Site II
1002121	Wooden Mask	Excavation Site II
1002058	Wooden Mask	Excavation Site II
2040901	Oly Oly	Muddy Banks 1
1040020	Wooden Mask	Excavation Site II
1060014	Wooden Mask	Excavation Site II
1072053	Wooden Mask	Excavation Site II
1082006	Wooden Mask	Excavation Site II
2044312	Wooden Mask	Excavation Site II
2044805	Wooden Mask	Excavation Site II
4000197	Rocky Mask	Excavation Site III
2044301	Red Slime	<Year 2021> Average Town Entrance
1302002	Rocky Mask	Excavation Site III
1040042	Rocky Mask	Excavation Site III
1060031	Rocky Mask	Excavation Site III
1041023	Rocky Mask	Excavation Site III
1061019	Rocky Mask	Excavation Site III
1082049	Rocky Mask	Excavation Site III
1082051	Rocky Mask	Excavation Site III
4000165	Flower Fish	Sand Castle Playground
2044601	Vikerola	Fantasy Theme Park 3
4004000	Fancy Amplifier 	7th Floor 8th Floor Area C
1040072	Flower Fish	Sand Castle Playground
1060061	Flower Fish	Sand Castle Playground
1412000	Flower Fish	Sand Castle Playground
1002160	Flower Fish	Sand Castle Playground
1412006	Flower Fish	Sand Castle Playground
4000042	Stirge	Transfer Area
2010004	Stirge	Transfer Area
1060009	Murukun	Dangerous Forest
1040043	Stirge	Transfer Area
1060032	Stirge	Transfer Area
1041039	Stirge	Transfer Area
1061041	Stirge	Transfer Area
2048004	Black Kentaurus	Moose's Practice Field
2040024	Stirge	Transfer Area
4000063	Sentinel	Orbis Tower <15th Floor>
1382018	Sentinel	Orbis Tower <15th Floor>
1312005	Sentinel	Orbis Tower <15th Floor>
1002137	Nospeed	Central Way 3
1040061	Nospeed	Central Way 3
2041005	Sentinel	Orbis Tower <15th Floor>
1082037	Sentinel	Orbis Tower <15th Floor>
1002622	Sentinel	Orbis Tower <15th Floor>
2040620	Sentinel	Orbis Tower <15th Floor>
4000068	Fairy 1	Cloud Park III
2050000	Fairy 1	Cloud Park III
2050001	Fairy 1	Cloud Park III
2050002	Fairy 1	Cloud Park III
2050003	Fairy 1	Cloud Park III
2050004	Fairy 1	Cloud Park III
2381033	Fairy 1	Cloud Park III
4000106	Brown Teddy	Terrace Hall
4131003	Brown Teddy	Terrace Hall
1462000	Flower Fish	Sand Castle Playground
1322014	Brown Teddy	Terrace Hall
1040058	Brown Teddy	Terrace Hall
1060044	Brown Teddy	Terrace Hall
1072101	Brown Teddy	Terrace Hall
1052107	Brown Teddy	Terrace Hall
4000166	Krip	The Seaweed Tower
1082046	Krip	The Seaweed Tower
1050002	Krip	The Seaweed Tower
1072103	Freezer	Suburban Area 1
1041052	Krip	The Seaweed Tower
1061048	Nospeed	Central Way 3
1082189	Krip	The Seaweed Tower
2040422	Krip	The Seaweed Tower
2040530	Krip	The Seaweed Tower
4000334	Sand Dwarf 	The Ruins of Desert Nomads
2044701	Charmer	Hibiscus Road 1
1040000	Sand Dwarf 	The Ruins of Desert Nomads
1060075	Sand Dwarf 	The Ruins of Desert Nomads
1002156	Sand Dwarf 	The Ruins of Desert Nomads
4130005	Sand Dwarf 	The Ruins of Desert Nomads
4130009	Big Cloud Fox	A Desolate Cemetery
4000335	Kiyo	North Desert Road 2
1472011	Kiyo	North Desert Road 2
1002181	Nospeed	Central Way 3
1050022	Kiyo	North Desert Road 2
1082069	Kiyo	North Desert Road 2
1072294	Octobunny	Mysterious Path 2
1332014	Leatty	Snowy Hill
4000032	Ligator	The Swamp of Despair I
1051013	Ligator	The Swamp of Despair I
1072112	Ligator	The Swamp of Despair I
1092012	Ligator	The Swamp of Despair I
4130002	Fire Raccoon	Forest of Animals
4130008	Big Cloud Fox	A Desolate Cemetery
4130010	Big Cloud Fox	A Desolate Cemetery
4000107	Pink Teddy	Cloud Terrace<2>
4131001	Pink Teddy	Cloud Terrace<2>
2002009	Oly Oly	Muddy Banks 1
2041017	Booper Scarlion	Fantasy Theme Park 2
1041055	Pink Teddy	Cloud Terrace<2>
1061051	Pink Teddy	Cloud Terrace<2>
1082007	Pink Teddy	Cloud Terrace<2>
1072077	Pink Teddy	Cloud Terrace<2>
1082035	Pink Teddy	Cloud Terrace<2>
1072090	Selkie Jr.	Ghost Ship 5
1472014	Fancy Amplifier 	7th Floor 8th Floor Area C
4000095	Ratz	Eos Tower 1st Floor
4131002	Ratz	Eos Tower 1st Floor
2044401	Iruvata	<Year 2215> Bombed City Center Overpass
1002173	Ratz	Eos Tower 1st Floor
1072035	Ratz	Eos Tower 1st Floor
1040029	Ratz	Eos Tower 1st Floor
1060020	Ratz	Eos Tower 1st Floor
1312006	Ratz	Eos Tower 1st Floor
1322016	Fancy Amplifier 	7th Floor 8th Floor Area C
4130003	Ratz	Eos Tower 1st Floor
4130004	Ratz	Eos Tower 1st Floor
4130011	Ratz	Eos Tower 1st Floor
4000353	Cube Slime	Lab - Unit 101
2044410	Cube Slime	Lab - Unit 101
4130013	Fire Raccoon	Forest of Animals
4000352	Dark Sand Dwarf 	The Desert of Dreams
4130001	Fire Raccoon	Forest of Animals
4130006	Dark Sand Dwarf 	The Desert of Dreams
2044502	Rumo	Lab - Unit 102
1060016	Rumo	Lab - Unit 102
1002180	Rumo	Lab - Unit 102
1060052	Stopnow	Central Way 1
1040063	Rumo	Lab - Unit 102
1051025	Rumo	Lab - Unit 102
1002025	Rumo	Lab - Unit 102
4000356	Rumo	Lab - Unit 102
1072297	Freezer	Suburban Area 1
2040324	Rumo	Lab - Unit 102
4130015	Rumo	Lab - Unit 102
1462005	Triple Rumo	Lab - Unit 103
1002183	Triple Rumo	Lab - Unit 103
1002167	Triple Rumo	Lab - Unit 103
1040086	Octobunny	Mysterious Path 2
1041076	Slimy	Ghost Ship 2
1061071	Slimy	Ghost Ship 2
1072000	Triple Rumo	Lab - Unit 103
1032018	Emo Slime	Outskirts of Muddy Banks
1082082	Mr. Anchor	Ghost Ship 6
1072129	Triple Rumo	Lab - Unit 103
1082010	Triple Rumo	Lab - Unit 103
2044112	Triple Rumo	Lab - Unit 103
2044310	Triple Rumo	Lab - Unit 103
2044809	Triple Rumo	Lab - Unit 103
4130016	Triple Rumo	Lab - Unit 103
2070001	Fire Boar	Dangerous Valley II
4000024	Fire Boar	Dangerous Valley II
1060019	Fire Boar	Dangerous Valley II
1082044	Fire Boar	Dangerous Valley II
1072079	Fire Boar	Dangerous Valley II
1072091	Fire Boar	Dangerous Valley II
1372012	Emo Slime	Outskirts of Muddy Banks
4130017	Fire Boar	Dangerous Valley II
4000073	Jr. Cellion	Garden of Red I
1002174	Jr. Cellion	Garden of Red I
1072041	Charmer	Hibiscus Road 1
1072002	Jr. Cellion	Garden of Red I
1040073	Jr. Cellion	Garden of Red I
1060062	Jr. Cellion	Garden of Red I
1050035	Jr. Cellion	Garden of Red I
1002145	Jr. Cellion	Garden of Red I
4130007	Jr. Cellion	Garden of Red I
1332012	Jr. Lioner	Garden of Yellow I
1072083	Jr. Lioner	Garden of Yellow I
1002172	Jr. Lioner	Garden of Yellow I
1472013	Oly Oly	Muddy Banks 1
1072089	Jr. Lioner	Garden of Yellow I
1082070	Jr. Lioner	Garden of Yellow I
1051016	Jester Scarlion	Longest Ride on ByeBye Station
1050036	Pac Pinky	Ghost ship 1
1051024	Jr. Lioner	Garden of Yellow I
1492004	Octobunny	Mysterious Path 2
4130012	Jr. Lioner	Garden of Yellow I
2070003	Jr. Grupin	Garden of Green I
1302017	Freezer	Suburban Area 1
1002037	Jr. Grupin	Garden of Green I
1002163	Jr. Grupin	Garden of Green I
1040028	Jr. Grupin	Garden of Green I
1041053	Jr. Grupin	Garden of Green I
1061049	Nospeed	Central Way 3
1041066	Jr. Grupin	Garden of Green I
1061061	Jr. Grupin	Garden of Green I
1082045	Jr. Grupin	Garden of Green I
1322015	Fire Raccoon	Forest of Animals
1032011	Slimy	Ghost Ship 2
1002628	Emo Slime	Outskirts of Muddy Banks
2044807	Jr. Grupin	Garden of Green I
4000108	Panda Teddy	Toy Factory <Main Process 2>
4131009	Panda Teddy	Toy Factory <Main Process 2>
1072080	Panda Teddy	Toy Factory <Main Process 2>
1051006	Stopnow	Central Way 1
1050039	Pac Pinky	Ghost ship 1
1002153	Nospeed	Central Way 3
1082025	Panda Teddy	Toy Factory <Main Process 2>
1072126	Panda Teddy	Toy Factory <Main Process 2>
1072115	Panda Teddy	Toy Factory <Main Process 2>
1332031	Fancy Amplifier 	7th Floor 8th Floor Area C
1482005	Freezer	Suburban Area 1
2040923	Panda Teddy	Toy Factory <Main Process 2>
4000109	Roloduck	Sky Terrace<5>
4003005	Roloduck	Sky Terrace<5>
1040070	Roloduck	Sky Terrace<5>
1060059	Roloduck	Sky Terrace<5>
1040060	Roloduck	Sky Terrace<5>
1060046	Roloduck	Sky Terrace<5>
1082053	Roloduck	Sky Terrace<5>
1082071	Roloduck	Sky Terrace<5>
1332011	Fancy Amplifier 	7th Floor 8th Floor Area C
1052110	Chlorotrap	Outskirts of Muddy Banks
4130000	Roloduck	Sky Terrace<5>
4000096	Black Ratz	Eos Tower 3rd Floor
2002010	Chlorotrap	Outskirts of Muddy Banks
2040703	Black Ratz	Eos Tower 3rd Floor
1041043	Black Ratz	Eos Tower 3rd Floor
1061036	Black Ratz	Eos Tower 3rd Floor
1040057	Black Ratz	Eos Tower 3rd Floor
1060043	Black Ratz	Eos Tower 3rd Floor
1002136	Black Ratz	Eos Tower 3rd Floor
1040076	Black Ratz	Eos Tower 3rd Floor
1060065	Black Ratz	Eos Tower 3rd Floor
1051015	Black Ratz	Eos Tower 3rd Floor
1050037	Pac Pinky	Ghost ship 1
1082075	Black Ratz	Eos Tower 3rd Floor
1382019	Fancy Amplifier 	7th Floor 8th Floor Area C
1082192	Chlorotrap	Outskirts of Muddy Banks
1052113	Emo Slime	Outskirts of Muddy Banks
4130014	Black Ratz	Eos Tower 3rd Floor
4000103	Helly	Eos Tower 60th Floor
4131006	Helly	Eos Tower 60th Floor
2043001	Tauromacis	Sanctuary Entrance I
1072036	Helly	Eos Tower 60th Floor
1072082	Helly	Eos Tower 60th Floor
1072003	Helly	Eos Tower 60th Floor
1002179	Batoo	Central Way 2
1051026	Helly	Eos Tower 60th Floor
1002168	Helly	Eos Tower 60th Floor
1060000	Helly	Eos Tower 60th Floor
1040081	Batoo	Central Way 2
1060070	Batoo	Central Way 2
1051032	Trucker	Suburban Area 2
1002207	Helly	Eos Tower 60th Floor
1072132	Helly	Eos Tower 60th Floor
1002212	Oly Oly	Muddy Banks 1
1492005	Freezer	Suburban Area 1
4000113	Tick	Crossroad of Time
4131011	Tick	Crossroad of Time
2070008	Tick	Crossroad of Time
1082048	Tick	Crossroad of Time
1072076	Tick	Crossroad of Time
1002139	Tick	Crossroad of Time
1041069	Tick	Crossroad of Time
1061064	Tick	Crossroad of Time
1082055	Tick	Crossroad of Time
1050038	Tick	Crossroad of Time
1082024	Tick	Crossroad of Time
1072107	Tick	Crossroad of Time
4000168	Retz	Helios Tower (100th Floor)
1041065	Retz	Helios Tower (100th Floor)
1061060	Retz	Helios Tower (100th Floor)
1051008	Biner	Central Way 2
1082072	Dark Fission	Muddy Banks 1
1082076	Retz	Helios Tower (100th Floor)
1072117	Retz	Helios Tower (100th Floor)
1072127	Dead Scarecrow	Chimney Possessed by the Scarecrow
1082195	Emo Slime	Outskirts of Muddy Banks
4000153	Scuba Pepe	Penguin's Playground
4131008	Scuba Pepe	Penguin's Playground
2022040	Scuba Pepe	Penguin's Playground
1002023	Scuba Pepe	Penguin's Playground
1032010	Scuba Pepe	Penguin's Playground
1072119	Scuba Pepe	Penguin's Playground
1072110	Scuba Pepe	Penguin's Playground
1082063	Scuba Pepe	Penguin's Playground
1002625	Chlorotrap	Outskirts of Muddy Banks
4000026	Lupin	Monkey Swamp I
2041010	Lupin	Monkey Swamp I
4000029	Lupin	Monkey Swamp I
1040075	Pac Pinky	Ghost ship 1
1060064	Pac Pinky	Ghost ship 1
1051014	Pac Pinky	Ghost ship 1
1072109	Lupin	Monkey Swamp I
1072116	Lupin	Monkey Swamp I
1092013	Lupin	Monkey Swamp I
1472017	Fancy Amplifier 	7th Floor 8th Floor Area C
1041094	Lupin	Monkey Swamp I
1072300	Emo Slime	Outskirts of Muddy Banks
2043101	Tauromacis	Sanctuary Entrance I
1002098	Cold Eye	The Lightless Cave
1002154	King Bloctopus	Eos Tower 22nd Floor
1002170	King Block Golem	Hidden Tower
1002185	Zombie Lupin	Monkey Swamp III
1040085	Chronos	The Path of Time <2>
1041086	Zombie Lupin	Monkey Swamp III
1040080	Lorang	A Look-Out Shed Around the Beach
1041083	Selkie Jr.	Ghost Ship 5
1040084	Barnard Gray	Barnard Field
1082064	Chlorotrap	Outskirts of Muddy Banks
1082073	Mask Fish	The Seaweed Tower
1082074	Dead Scarecrow	Chimney Possessed by the Scarecrow
1072118	Jr. Wraith	Line 2 <Area 1>
1322027	Star Pixie	Cloud Park I
2040004	Fancy Amplifier 	7th Floor 8th Floor Area C
2040504	Fancy Amplifier 	7th Floor 8th Floor Area C
2044201	Pac Pinky	Ghost ship 1
1032013	Firebrand	Mage Mastery Room
4000013	Curse Eye	Hunting Ground in the Deep Forest II
1492006	Fancy Amplifier 	7th Floor 8th Floor Area C
2040005	Dark Fission	Muddy Banks 1
4000035	Jr. Wraith	Line 2 <Area 1>
2048002	Lorang	A Look-Out Shed Around the Beach
1452000	Jr. Wraith	Line 2 <Area 1>
1051010	Octobunny	Mysterious Path 2
1082056	Jr. Wraith	Line 2 <Area 1>
1082047	Jr. Wraith	Line 2 <Area 1>
1072114	Jr. Wraith	Line 2 <Area 1>
1472016	Fancy Amplifier 	7th Floor 8th Floor Area C
2040027	Jr. Wraith	Line 2 <Area 1>
4000043	Lorang	A Look-Out Shed Around the Beach
2043301	Freezer	Suburban Area 1
2048005	Freezer	Suburban Area 1
1072113	Lorang	A Look-Out Shed Around the Beach
1050000	Evil Eye	The Cave of Evil Eye III
1092014	Lorang	A Look-Out Shed Around the Beach
1072121	Lorang	A Look-Out Shed Around the Beach
1060068	Lorang	A Look-Out Shed Around the Beach
1041074	Lorang	A Look-Out Shed Around the Beach
1061069	Lorang	A Look-Out Shed Around the Beach
1482006	Fancy Amplifier 	7th Floor 8th Floor Area C
2040423	Lorang	A Look-Out Shed Around the Beach
4000100	King Bloctopus	Eos Tower 22nd Floor
4131013	King Bloctopus	Eos Tower 22nd Floor
1072105	King Bloctopus	Eos Tower 22nd Floor
1452006	Tick	Crossroad of Time
1442003	King Bloctopus	Eos Tower 22nd Floor
1002093	King Bloctopus	Eos Tower 22nd Floor
1040083	King Bloctopus	Eos Tower 22nd Floor
1060072	King Bloctopus	Eos Tower 22nd Floor
1041082	King Bloctopus	Eos Tower 22nd Floor
1061081	King Bloctopus	Eos Tower 22nd Floor
1050045	Curse Eye	Hunting Ground in the Deep Forest II
4000167	Mask Fish	The Seaweed Tower
1041056	Mask Fish	The Seaweed Tower
1061052	Mask Fish	The Seaweed Tower
1002135	Mask Fish	The Seaweed Tower
1082023	Mask Fish	The Seaweed Tower
1002184	Dark Fission	Muddy Banks 1
1482004	Octobunny	Mysterious Path 2
2044212	Mask Fish	The Seaweed Tower
4000059	Star Pixie	Cloud Park I
2041012	Lunar Pixie	Cloud Park IV
1082050	Emo Slime	Outskirts of Muddy Banks
1072106	Star Pixie	Cloud Park I
1072102	Star Pixie	Cloud Park I
1002176	Star Pixie	Cloud Park I
1051027	Star Pixie	Cloud Park I
1302009	Fancy Amplifier 	7th Floor 8th Floor Area C
1452007	Fancy Amplifier 	7th Floor 8th Floor Area C
1002152	Star Pixie	Cloud Park I
4000067	Jr. Boogie 1	Land of Wild Boar
2382021	Jr. Boogie 1	Land of Wild Boar
4000099	Bloctopus	Eos Tower 41st Floor
2041023	Bloctopus	Eos Tower 41st Floor
1072040	Bloctopus	Eos Tower 41st Floor
1472010	Bloctopus	Eos Tower 41st Floor
1051009	Biner	Central Way 2
1442009	Fancy Amplifier 	7th Floor 8th Floor Area C
1040082	Bloctopus	Eos Tower 41st Floor
1462006	Dark Fission	Muddy Banks 1
4000104	Propelly	Eos Tower 59th Floor
4131007	Propelly	Eos Tower 59th Floor
1072104	Propelly	Eos Tower 59th Floor
1041084	Propelly	Eos Tower 59th Floor
1061083	Propelly	Eos Tower 59th Floor
1041081	Propelly	Eos Tower 59th Floor
1061080	Propelly	Eos Tower 59th Floor
1002092	Propelly	Eos Tower 59th Floor
1082080	Propelly	Eos Tower 59th Floor
1472018	Boomer	Jungle Valley 
1462007	Oly Oly	Muddy Banks 1
1402003	Propelly	Eos Tower 59th Floor
4000105	Planey	Eos Tower 25th Floor
4131005	Planey	Eos Tower 25th Floor
4000110	Toy Trojan	Cloud Terrace<5>
1002099	Dark Fission	Muddy Banks 1
1051033	Trucker	Suburban Area 2
4000115	Chronos	The Path of Time <2>
1072032	Chronos	The Path of Time <2>
1002182	Chronos	The Path of Time <2>
1002155	Chronos	The Path of Time <2>
1060074	Octobunny	Mysterious Path 2
4000123	Chirppy	Eos Tower 92nd Floor
1040069	Chirppy	Eos Tower 92nd Floor
1060058	Chirppy	Eos Tower 92nd Floor
1002036	Chirppy	Eos Tower 92nd Floor
1082008	Chirppy	Eos Tower 92nd Floor
1072120	Chirppy	Eos Tower 92nd Floor
2044110	Chirppy	Eos Tower 92nd Floor
4000116	Tweeter	Eos Tower 6th Floor
1422008	Stopnow	Central Way 1
1372000	Tweeter	Eos Tower 6th Floor
1041085	Tweeter	Eos Tower 6th Floor
1061084	Tweeter	Eos Tower 6th Floor
1082065	Tweeter	Eos Tower 6th Floor
1082083	Dark Fission	Muddy Banks 1
2043210	Tweeter	Eos Tower 6th Floor
4000127	Drumming Bunny	Drummer Bunny's Lair
4004004	Drumming Bunny	Drummer Bunny's Lair
1302013	Chlorotrap	Outskirts of Muddy Banks
1402008	Drumming Bunny	Drummer Bunny's Lair
1041049	Drumming Bunny	Drummer Bunny's Lair
1061045	Drumming Bunny	Drummer Bunny's Lair
1040074	Biner	Central Way 2
1060063	Biner	Central Way 2
1002144	Drumming Bunny	Drummer Bunny's Lair
4000154	Jr. Seal	Crystal Gorge
1082054	Jr. Seal	Crystal Gorge
1002177	Biner	Central Way 2
1051023	Rodeo	Muddy Banks 2
1072122	Jr. Seal	Crystal Gorge
1072128	Jr. Seal	Crystal Gorge
1082009	Jr. Seal	Crystal Gorge
2041019	Iron Mutae	Lab - Area B-3
1002045	Iron Mutae	Lab - Area B-3
1061062	Iron Mutae	Lab - Area B-3
1041067	Iron Mutae	Lab - Area B-3
1060073	Iron Mutae	Lab - Area B-3
1002213	Iron Mutae	Lab - Area B-3
1002085	Iron Mutae	Lab - Area B-3
1032012	Oly Oly	Muddy Banks 1
1040096	Twisted Jester	Chimney Possessed by the Clown
1060085	Twisted Jester	Chimney Possessed by the Clown
4000357	Iron Mutae	Lab - Area B-3
1052116	Pac Pinky	Ghost ship 1
2330002	Iron Mutae	Lab - Area B-3
1382001	Big Cloud Fox	A Desolate Cemetery
1041077	Reinforced Iron Mutae	Lab - Area A-3
4000358	Reinforced Iron Mutae	Lab - Area A-3
1372007	Mithril  mutae	Lab - Area B-1
1002215	Selkie Jr.	Ghost Ship 5
1040089	Mr. Anchor	Ghost Ship 6
4000359	Mithril  mutae	Lab - Area B-1
1082198	Dark Fission	Muddy Banks 1
4000014	Copper Drake	The Tunnel That Lost Light I
4000030	Copper Drake	The Tunnel That Lost Light I
1002138	Copper Drake	The Tunnel That Lost Light I
1050046	Chlorotrap	Outskirts of Muddy Banks
1302010	Copper Drake	The Tunnel That Lost Light I
1332016	Emo Slime	Outskirts of Muddy Banks
1072133	Copper Drake	The Tunnel That Lost Light I
1072125	Copper Drake	The Tunnel That Lost Light I
2040025	Copper Drake	The Tunnel That Lost Light I
2040621	Iruvata	<Year 2215> Bombed City Center Overpass
4000045	Tortie	Hot Sand
2041013	Buffoon	Warped Path of Time<2>
2040805	Froscola	Longest Ride on ByeBye Station
1092004	Tortie	Hot Sand
1072124	Chlorotrap	Outskirts of Muddy Banks
1072142	Tortie	Hot Sand
1061088	Tortie	Hot Sand
1041089	Tortie	Hot Sand
1061078	Selkie Jr.	Ghost Ship 5
1041079	Selkie Jr.	Ghost Ship 5
1072303	Dark Fission	Muddy Banks 1
4000062	Dark Nependeath	Disposed Flower Garden
2041014	Gallopera	Entrance to the Spooky World
1041087	Octobunny	Mysterious Path 2
1061086	Twisted Jester	Chimney Possessed by the Clown
1040095	Octobunny	Mysterious Path 2
1060084	Octobunny	Mysterious Path 2
1082084	Dark Nependeath	Disposed Flower Garden
4000124	Rombot	Hidden Tower
4005002	Rombot	Hidden Tower
1472019	Iron Hog	Pig Town
1432004	Oly Oly	Muddy Banks 1
1072140	Cold Eye	The Lightless Cave
1312008	Slimy	Ghost Ship 2
1492007	Oly Oly	Muddy Banks 1
2040516	Emo Slime	Outskirts of Muddy Banks
2040704	Emo Slime	Outskirts of Muddy Banks
2040804	Skeleton Soldier	Camp 1
1322017	Emo Slime	Outskirts of Muddy Banks
1412003	Dark Fission	Muddy Banks 1
1422005	Froscola	Longest Ride on ByeBye Station
1442005	Zombie Lupin	Monkey Swamp III
1452008	Slimy	Ghost Ship 2
1332003	Ultra Gray	Kulan Field IV
1472020	Pepe	The Crown-Flyer
1482007	Oly Oly	Muddy Banks 1
1382006	Grupin	Garden of Green II
2040029	Master Chronos	Lost Time <2>
2040326	Firebomb	Fire Chamber
4000023	Cold Eye	The Lightless Cave
1002103	Cold Eye	The Lightless Cave
2070010	Cold Eye	The Lightless Cave
1002169	Cold Eye	The Lightless Cave
1041075	Nospeed	Central Way 3
1061070	Nospeed	Central Way 3
1082066	Cold Eye	The Lightless Cave
4000031	Zombie Lupin	Monkey Swamp III
1051001	Pac Pinky	Ghost ship 1
1061085	Zombie Lupin	Monkey Swamp III
1472015	Fancy Amplifier 	7th Floor 8th Floor Area C
1041068	Slimy	Ghost Ship 2
4000036	Wraith	Line 2 <Area 3>
1002211	Wraith	Line 2 <Area 3>
1072141	Wraith	Line 2 <Area 3>
2040026	Drake	The Lightless Cave
4000039	Iron Hog	The Burnt Land III
1051034	Slimy	Ghost Ship 2
1050051	Freezer	Suburban Area 1
4000044	Clang	Lorang and Clang
1302016	Trucker	Suburban Area 2
1002217	Octobunny	Mysterious Path 2
2040427	Clang	Lorang and Clang
4000058	Nependeath	Disposed Flower Garden
2041011	Nependeath	Strolling Path
1061082	Selkie Jr.	Ghost Ship 5
1050048	Nependeath	Disposed Flower Garden
1051038	Dark Fission	Muddy Banks 1
1082011	Nependeath	Disposed Flower Garden
1072130	Nependeath	Disposed Flower Garden
2022039	Nependeath	Disposed Flower Garden
4000060	Lunar Pixie	Cloud Park IV
1082036	Lunar Pixie	Cloud Park IV
1002216	Dark Fission	Muddy Banks 1
1002210	Twisted Jester	Chimney Possessed by the Clown
1041080	Dark Fission	Muddy Banks 1
1061079	Lunar Pixie	Cloud Park IV
1050052	Rodeo	Muddy Banks 2
4000076	Flyeye	Dead Mine IV
1040030	Flyeye	Dead Mine IV
1051030	Slimy	Ghost Ship 2
1072134	Emo Slime	Outskirts of Muddy Banks
4000078	Jr. Cerebes	Cave Within the Cave
1072108	Jr. Cerebes	Cave Within the Cave
1422007	Fancy Amplifier 	7th Floor 8th Floor Area C
1002209	Slimy	Ghost Ship 2
1002218	Jr. Cerebes	Cave Within the Cave
1002086	Jr. Cerebes	Cave Within the Cave
4000101	Block Golem	Hidden Tower
1040087	Block Golem	Hidden Tower
1060076	Block Golem	Hidden Tower
4000102	King Block Golem	Hidden Tower
1040088	King Block Golem	Hidden Tower
1060077	King Block Golem	Hidden Tower
1082081	King Block Golem	Hidden Tower
1072135	King Block Golem	Hidden Tower
2040618	Murupa	Snow-covered Field 1
2040627	King Block Golem	Hidden Tower
2040931	King Block Golem	Hidden Tower
4000111	Robo	Toy Factory <Process 1> Zone 6
1002021	Dead Scarecrow	Chimney Possessed by the Scarecrow
1072123	Robo	Toy Factory <Process 1> Zone 6
4000112	Master Robo	Toy Factory <Process 2> Zone 1
1040097	Master Robo	Toy Factory <Process 2> Zone 1
1060086	Master Robo	Toy Factory <Process 2> Zone 1
1002214	Master Robo	Toy Factory <Process 2> Zone 1
4000114	Tick-Tock	Whirlpool of Time
1002142	Stopnow	Central Way 1
1402007	Fancy Amplifier 	7th Floor 8th Floor Area C
1092029	Dead Scarecrow	Chimney Possessed by the Scarecrow
2043802	Skeleton Soldier	Camp 1
2070004	Master Chronos	Lost Time <2>
1050049	Flyeye	Dead Mine IV
1041088	Master Chronos	Lost Time <2>
1061087	Master Chronos	Lost Time <2>
1472021	Dead Scarecrow	Chimney Possessed by the Scarecrow
4000117	Barnard Gray	Barnard Field
1082062	Barnard Gray	Barnard Field
1050047	Chlorotrap	Outskirts of Muddy Banks
1002028	Barnard Gray	Barnard Field
4000118	Zeta Gray	Kulan Field III
2040707	Bubble Fish	Big Fish Valley
1092020	Zeta Gray	Kulan Field III
1002208	Zeta Gray	Kulan Field III
4000119	Ultra Gray	Kulan Field IV
1061063	Slimy	Ghost Ship 2
1002024	Emo Slime	Outskirts of Muddy Banks
1072143	Ultra Gray	Kulan Field IV
2040031	Ultra Gray	Kulan Field IV
4000120	Mateon	Off-Limits
4131004	Mateon	Off-Limits
1082067	Mateon	Off-Limits
4000121	Plateon	Boswell Field II
1051039	Chlorotrap	Outskirts of Muddy Banks
1072131	Plateon	Boswell Field II
4000122	Mecateon	Boswell Field V
4131012	Mecateon	Boswell Field V
1060078	Mr. Anchor	Ghost Ship 6
1061076	Mecateon	Boswell Field V
4000156	Sparker	Turban Shell Hill
4000157	Sparker	Turban Shell Hill
4000155	Freezer	Red Coral Forest
1002631	Pac Pinky	Ghost ship 1
4000204	Skeledog	Remains <Tomb> I
1002081	Skeledog	Remains <Tomb> I
2040824	Skeledog	Remains <Tomb> I
4000205	Mummydog	Remains <Tomb> III
1082092	Mummydog	Remains <Tomb> III
1082089	Mummydog	Remains <Tomb> III
1082059	Mummydog	Remains <Tomb> III
2040419	Overlord A	<Year 2099> Midnight Harbor Entrance
2040425	Mummydog	Remains <Tomb> III
4000158	Poopa	Ocean I.C
1040094	Poopa	Ocean I.C
1060083	Poopa	Ocean I.C
4000159	Poison Poopa	Crystal Gorge
1051031	Slimy	Ghost Ship 2
1041078	Octobunny	Mysterious Path 2
1061077	Octobunny	Mysterious Path 2
1051037	Poison Poopa	Crystal Gorge
4000169	Moon Bunny	A Small Well
1102001	Moon Bunny	A Small Well
4000178	Iron Boar	Iron Boar Land
4000276	Chipmunk	Entrance to Sky Forest
1041095	Chipmunk	Entrance to Sky Forest
1061094	Chipmunk	Entrance to Sky Forest
4000277	Red Porky	Sky Forest : The Train
4000278	Black Porky	Deep in the Sky Forest
4000281	Blue Flower Serpent	Snake Area
4000280	Blue Flower Serpent	Snake Area
4000279	Red Flower Serpent	Where the Sky Forest Ends
4000291	Jar	10-Year-Old Herb Garden
4000292	Ginseng Jar	50-Year-Old Herb Garden
1002083	Ginseng Jar	50-Year-Old Herb Garden
1041092	Ginseng Jar	50-Year-Old Herb Garden
1061091	Ginseng Jar	50-Year-Old Herb Garden
1102003	Emo Slime	Outskirts of Muddy Banks
2040622	Hogul	Black Mountain <Valley>
4000332	Desert Giant 	The Giant of the Sunset
1102000	Desert Giant 	The Giant of the Sunset
4000125	Chief Gray	Barnard Field
1102016	Chief Gray	Barnard Field
4021009	Chief Gray	Barnard Field
1002101	Chief Gray	Barnard Field
2040619	Murupa	Snow-covered Field 1
4000436	Mossy Snail	Mossy Tree Forest Entrance
4000438	Tree Rod	Western Region of Mossy Tree Forest 2
4000413	Shade	Line 1 <Area 4>
4000412	Master Dummy	Practice Field : Advanced Level
4000048	Jr. Yeti	Ice Chamber
1082038	Jr. Yeti	Ice Chamber
1051044	Jr. Yeti	Ice Chamber
1051045	Jr. Yeti	Ice Chamber
1041096	Rodeo	Muddy Banks 2
1061095	Rodeo	Muddy Banks 2
2040321	Jr. Yeti	Ice Chamber
2040933	Jr. Yeti	Ice Chamber
2040925	Grupin	Garden of Green II
2043019	Jr. Yeti	Ice Chamber
4000081	Firebomb	Fire Chamber
1072150	Firebomb	Fire Chamber
1002242	Firebomb	Fire Chamber
4000170	Hodori	Tiger Forest I
4000172	Samiho	Fox Ridge
1032021	Froscola	Longest Ride on ByeBye Station
1050058	Freezer	Suburban Area 1
1051046	Slimy	Ghost Ship 2
1432006	Water Goblin	Vanished Village
1040099	Freezer	Suburban Area 1
1060088	Freezer	Suburban Area 1
1052119	Yabber Doo	Fantasy Theme Park 2
4000171	Hogul	Black Mountain <Valley>
4000360	Reinforced Mithril Mutae 	Lab - Area A-1
2040317	Reinforced Mithril Mutae 	Lab - Area A-1
1082004	Roid 	Lab - Area C-1
1040091	Oly Oly	Muddy Banks 1
1060080	Oly Oly	Muddy Banks 1
4000364	Roid 	Lab - Area C-1
1492008	Selkie Jr.	Ghost Ship 5
2040323	Roid 	Lab - Area C-1
2043017	Roid 	Lab - Area C-1
1072146	Neo Huroid	Lab - Area C-3
1002029	Neo Huroid	Lab - Area C-3
1002248	Rodeo	Muddy Banks 2
1002269	Neo Huroid	Lab - Area C-3
4000365	Neo Huroid	Lab - Area C-3
1082201	Yabber Doo	Fantasy Theme Park 2
4000061	Luster Pixie	Cloud Park VI
1072144	Luster Pixie	Cloud Park VI
1082086	Luster Pixie	Cloud Park VI
4000070	Cellion	Garden of Red II
1050054	Trucker	Suburban Area 2
1072306	Yabber Doo	Fantasy Theme Park 2
2331000	Grupin	Garden of Green II
4000071	Lioner	Garden of Yellow II
1051041	Lioner	Garden of Yellow II
1002267	Lioner	Garden of Yellow II
4000072	Grupin	Garden of Green II
1332015	Chlorotrap	Outskirts of Muddy Banks
1322018	Grupin	Garden of Green II
1002634	Yabber Doo	Fantasy Theme Park 2
2332000	Grupin	Garden of Green II
2040924	Grupin	Garden of Green II
4000126	MT-09	Defeat Monsters
1032014	White Fang	Icy Cold Field
4011007	Rotting Skeleton	Chimney Possessed by the Skeletons
1402011	Mr. Alli	Old Swamp
1092010	Dark Jr. Yeti	Dangerous Cliff
1412007	The Book Ghost	Virtuous Forest
4000283	Grizzly	Wild Bear Area 1
4000284	Grizzly	Wild Bear Area 1
2040515	Extra A	Showa Street 1
4000293	Bellflower Root	60-Year-Old Herb Garden
1040102	Bellflower Root	60-Year-Old Herb Garden
1060090	Bellflower Root	60-Year-Old Herb Garden
1482008	Selkie Jr.	Ghost Ship 5
4000294	Sr. Bellflower Root	Bellflower Valley
2040927	Sr. Bellflower Root	Bellflower Valley
4000286	Straw Target Dummy	Practice Field : Normal Level
4000287	Wooden Target Dummy	Practice Field : Advanced Level
1072072	Wooden Target Dummy	Practice Field : Advanced Level
1040105	Rodeo	Muddy Banks 2
1060093	Rodeo	Muddy Banks 2
2040825	Red Slime	<Year 2021> Average Town Entrance
4000288	Reindeer	Peach Farm 2
2040421	Jr. Newtie	Newt Secured Zone
2040534	Reindeer	Peach Farm 2
4000298	The Book Ghost	Virtuous Forest
1452004	The Book Ghost	Virtuous Forest
1050059	Pac Pinky	Ghost ship 1
1442010	The Book Ghost	Virtuous Forest
4000299	The Book Ghost	Virtuous Forest
2012000	Drake	The Lightless Cave
2012003	Drake	The Lightless Cave
4000022	Stone Golem	The Entrance of Golem's Temple
1002247	Stone Golem	The Entrance of Golem's Temple
1041091	Stone Golem	The Entrance of Golem's Temple
1061090	Stone Golem	The Entrance of Golem's Temple
1312009	Mr. Anchor	Ghost Ship 6
4000025	Dark Stone Golem	The forest of Golem
1002022	Dark Stone Golem	The forest of Golem
1082088	Dark Stone Golem	The forest of Golem
1072139	Dark Stone Golem	The forest of Golem
1102018	Dark Stone Golem	The forest of Golem
1002249	Rodeo	Muddy Banks 2
1382007	Froscola	Longest Ride on ByeBye Station
4000033	Croco	Dangerous Croko I
1040098	Croco	Dangerous Croko I
1060087	Croco	Dangerous Croko I
1092009	Dark Fission	Muddy Banks 1
4000051	Hector	Cold Field I
1332017	Hector	Cold Field I
1422009	Hector	Cold Field I
1462008	Water Goblin	Vanished Village
4000055	Dark Jr. Yeti	Dangerous Cliff
1102015	Selkie Jr.	Ghost Ship 5
1072151	Dark Jr. Yeti	Dangerous Cliff
1072138	Dark Jr. Yeti	Dangerous Cliff
1082090	Dark Jr. Yeti	Dangerous Cliff
4000069	Coolie Zombie	Forest of Dead Trees I
1002244	Coolie Zombie	Forest of Dead Trees I
1040092	Coolie Zombie	Forest of Dead Trees I
1060081	Coolie Zombie	Forest of Dead Trees I
4000082	Miner Zombie	Dead Mine II
1102017	Slimy	Ghost Ship 2
1051043	Miner Zombie	Dead Mine II
1092011	Miner Zombie	Dead Mine II
1082094	Miner Zombie	Dead Mine II
1002084	Miner Zombie	Dead Mine II
1002243	Miner Zombie	Dead Mine II
1041100	Miner Zombie	Dead Mine II
1061099	Miner Zombie	Dead Mine II
4000052	White Fang	Icy Cold Field
1050053	Trucker	Suburban Area 2
1102021	White Fang	Icy Cold Field
1041097	White Fang	Icy Cold Field
1061096	White Fang	Icy Cold Field
4000177	Mixed Golem	The forest of Golem
1082087	Mixed Golem	The forest of Golem
1061093	Mixed Golem	The forest of Golem
1372014	Mixed Golem	The forest of Golem
4000206	Skeleton Soldier	Camp 1
1002030	Skeleton Soldier	Camp 1
1002252	Yabber Doo	Fantasy Theme Park 2
1002281	Skeleton Soldier	Camp 1
1002287	Skeleton Soldier	Camp 1
4000083	Jr. Sentinel	Orbis Tower <20th Floor>
1322002	Jr. Sentinel	Orbis Tower <20th Floor>
1040016	Jr. Sentinel	Orbis Tower <20th Floor>
1060011	Jr. Sentinel	Orbis Tower <20th Floor>
1041048	Jr. Sentinel	Orbis Tower <20th Floor>
1061044	Jr. Sentinel	Orbis Tower <20th Floor>
2060001	Jr. Sentinel	Orbis Tower <20th Floor>
2061001	Jr. Sentinel	Orbis Tower <20th Floor>
4000084	Ice Sentinel	Orbis Tower <13th Floor>
1040024	Ice Sentinel	Orbis Tower <13th Floor>
1061043	Ice Sentinel	Orbis Tower <13th Floor>
1041047	Ice Sentinel	Orbis Tower <13th Floor>
4000085	Fire Sentinel	Orbis Tower <11th Floor>
1041059	Fire Sentinel	Orbis Tower <11th Floor>
1061055	Fire Sentinel	Orbis Tower <11th Floor>
1041064	Murumuru	Snow-covered Field 3
2001001	Extra D	Parking Lot
2041022	Mr. Anchor	Ghost Ship 6
2040513	Yabber Doo	Fantasy Theme Park 2
1002246	Red Drake	The Tunnel That Lost Light II
1002270	Master Soul Teddy	Forgotten Path of Time<1>
1040093	Mr. Anchor	Ghost Ship 6
1050056	Selkie Jr.	Ghost Ship 5
1051047	Slimy	Ghost Ship 2
1050060	Pac Pinky	Ghost ship 1
1040100	Red Drake	The Tunnel That Lost Light II
1082061	Twisted Jester	Chimney Possessed by the Clown
1082091	Twisted Jester	Chimney Possessed by the Clown
1072149	Soul Teddy	Forgotten Path of Time<1>
1072136	Red Drake	The Tunnel That Lost Light II
1072152	Buffy	Warped Path of Time<1>
2044101	Dark Stone Golem	The forest of Golem
2040514	Vikerola	Fantasy Theme Park 3
1302011	Mr. Anchor	Ghost Ship 6
1472025	Yeti	Ice Valley I
2070005	Selkie Jr.	Ghost Ship 5
1102002	Leader A	Finance of Flaming Raccoon
2000005	Tauromacis	Sanctuary Entrance I
1452009	Gold Slime  	<Year 2021> Average Town Outskirt
1462009	Leader B	Parking Lot
1322019	Tauromacis	Sanctuary Entrance I
1312010	Buffy	Warped Path of Time<1>
1412008	Dark Drake	Cold Cradle
1422010	Red Slime	<Year 2021> Average Town Entrance
1472026	Homun	Lab - Unit 201
1432007	Rodeo	Muddy Banks 2
1302012	Pepe	The Crown-Flyer
1402012	D. Roy	Lab - Area C-3
1332018	Red Slime	<Year 2021> Average Town Entrance
1332019	Froscola	Longest Ride on ByeBye Station
1092017	Dark Drake	Cold Cradle
4000437	Mossy Mushroom	Mushroom Hill Entrance
4000439	Stone Bug	Souther Region of Mossy Tree Forest 1
4000440	Primitive Boar	Boulder Mountain Entrance
1041093	Pac Pinky	Ghost ship 1
1072145	Primitive Boar	Boulder Mountain Entrance
4000086	Leatty	Snowy Hill
1002165	Leatty	Snowy Hill
1072081	Leatty	Snowy Hill
1072075	Leatty	Snowy Hill
4000087	Dark Leatty	Orbis Tower <3rd Floor>
1002175	Dark Leatty	Orbis Tower <3rd Floor>
4000041	Malady	The Forest of Evil II
1040090	Malady	The Forest of Evil II
1060079	Malady	The Forest of Evil II
1072137	Malady	The Forest of Evil II
1082093	Jester Scarlion	Longest Ride on ByeBye Station
4000088	Jr. Pepe	Orbis Tower <1st Floor>
4000336	Riche	Forest of Dead Trees IV
4000415	Snow Witch	Watch Out for Icy Path I
4000416	Scholar Ghost	Fox Ridge
4000419	Rurumo	Lab - Area B-3
1472024	Homun	Lab - Unit 201
1102022	Homun	Lab - Unit 201
1082107	Homun	Lab - Unit 201
1072157	Homun	Lab - Unit 201
1032020	Jester Scarlion	Longest Ride on ByeBye Station
1051062	Homun	Lab - Unit 201
4000354	Homun	Lab - Unit 201
1050088	Saitie	Authorized Personnel Only
1032015	Mr. Anchor	Ghost Ship 6
1050081	Saitie	Authorized Personnel Only
1051078	Saitie	Authorized Personnel Only
1002289	Yabber Doo	Fantasy Theme Park 2
4000363	Saitie	Authorized Personnel Only
1072309	Froscola	Longest Ride on ByeBye Station
2330003	Saitie	Authorized Personnel Only
1072148	Red Drake	The Tunnel That Lost Light II
1060089	Red Drake	The Tunnel That Lost Light II
1060091	Booper Scarlion	Fantasy Theme Park 2
1040103	Red Drake	The Tunnel That Lost Light II
1072160	Red Drake	The Tunnel That Lost Light II
1072162	Red Drake	The Tunnel That Lost Light II
1082106	Jester Scarlion	Longest Ride on ByeBye Station
4000040	Mushmom	Someone Else's House
4000050	Pepe	The Crown-Flyer
1060082	Mr. Anchor	Ghost Ship 6
1082060	Pepe	The Crown-Flyer
1102024	Pepe	The Crown-Flyer
1002286	Twisted Jester	Chimney Possessed by the Clown
1082095	Pepe	The Crown-Flyer
2383045	Pepe	The Crown-Flyer
4007004	Cube Slime	Lab - Unit 101
2022001	Jr. Yeti	Ice Chamber
4000128	Buffy	Warped Path of Time<1>
1051042	Buffy	Warped Path of Time<1>
1082098	Buffy	Warped Path of Time<1>
1072163	Booper Scarlion	Fantasy Theme Park 2
1052122	Mr. Anchor	Ghost Ship 6
4000285	Panda	Wild Bear Area 3
1002637	Mr. Anchor	Ghost Ship 6
4000295	Mr. Alli	Old Swamp
1051064	Mr. Alli	Old Swamp
1051065	Froscola	Longest Ride on ByeBye Station
1040107	Mr. Alli	Old Swamp
1060095	Mr. Alli	Old Swamp
4000282	Peach Monkey	Peach Farm1
1040109	Slimy	Ghost Ship 2
1060098	Slimy	Ghost Ship 2
2040328	Peach Monkey	Peach Farm1
4000296	Kru	Red-Nose Pirate Den 1
1082204	Froscola	Longest Ride on ByeBye Station
4000289	Sage Cat	Goblin Forest 1
1372015	Yabber Doo	Fantasy Theme Park 2
1452011	Froscola	Longest Ride on ByeBye Station
1472029	Robby	<Year 2215> Bombed City Center Retail District
1482009	Froscola	Longest Ride on ByeBye Station
1492009	Jester Scarlion	Longest Ride on ByeBye Station
1002095	Froscola	Longest Ride on ByeBye Station
1002254	Rodeo	Muddy Banks 2
4000027	Wild Kargo	Wild Cargo's Area
1472023	Wild Kargo	Wild Cargo's Area
1051054	Twisted Jester	Chimney Possessed by the Clown
1072154	Twisted Jester	Chimney Possessed by the Clown
1041103	Charmer	Hibiscus Road 1
1061102	Charmer	Hibiscus Road 1
4000057	Dark Pepe	Sharp Cliff II
1002100	Dark Pepe	Sharp Cliff II
1050055	Selkie Jr.	Ghost Ship 5
1002268	Dark Pepe	Sharp Cliff II
1051052	Dark Pepe	Sharp Cliff II
1072164	Dark Pepe	Sharp Cliff II
1072155	Yabber Doo	Fantasy Theme Park 2
1072161	Jester Scarlion	Longest Ride on ByeBye Station
2384007	Dark Pepe	Sharp Cliff II
4000129	Lazy Buffy	Warped Path of Time<1>
1050061	Buffy	Warped Path of Time<1>
1082096	Lazy Buffy	Warped Path of Time<1>
1072158	Lazy Buffy	Warped Path of Time<1>
2040318	Royal Guard	<Year 2503> Air Battleship Area B
4000143	Soul Teddy	Forgotten Path of Time<1>
1082099	Vikerola	Fantasy Theme Park 3
1041098	Selkie Jr.	Ghost Ship 5
1061097	Soul Teddy	Forgotten Path of Time<1>
4000144	Master Soul Teddy	Forgotten Path of Time<1>
1072166	Master Soul Teddy	Forgotten Path of Time<1>
1082103	Master Soul Teddy	Forgotten Path of Time<1>
1072159	Jester Scarlion	Longest Ride on ByeBye Station
4000185	Ice Drake	Cold Cradle
4000186	Dark Drake	Cold Cradle
1082109	Dark Drake	Cold Cradle
1061100	Dark Drake	Cold Cradle
1041101	Dark Drake	Cold Cradle
2040625	Dark Drake	Cold Cradle
4000207	Officer Skeleton	Camp 3
4000049	Yeti	Ice Valley I
2384009	Yeti	Ice Valley I
1092046	Stone Golem	The Entrance of Golem's Temple
1402039	Lioner	Garden of Yellow II
4005004	Yeti	Ice Valley I
1050068	Charmer	Hibiscus Road 1
1492021	Krip	The Seaweed Tower
1092045	Grizzly	Wild Bear Area 1
1452045	Miner Zombie	Dead Mine II
1492022	Master Soul Teddy	Forgotten Path of Time<1>
4000176	Zombie Mushmom	The Grave of Mushmom
4000130	Buffoon	Warped Path of Time<2>
1061092	Pac Pinky	Ghost ship 1
1082097	Froscola	Longest Ride on ByeBye Station
1082108	Vikerola	Fantasy Theme Park 3
1040106	Buffoon	Warped Path of Time<2>
1060094	Booper Scarlion	Fantasy Theme Park 2
1452010	Charmer	Hibiscus Road 1
1082122	Buffoon	Warped Path of Time<2>
1050082	Froscola	Longest Ride on ByeBye Station
1492010	Booper Scarlion	Fantasy Theme Park 2
4000056	Dark Yeti	Sharp Cliff I
4003002	Dark Yeti	Sharp Cliff I
1002245	Dark Yeti	Sharp Cliff I
1002338	Dark Yeti	Sharp Cliff I
2384016	Dark Yeti	Sharp Cliff I
1302030	Green Mushroom	Tree Dungeon, Forest Up North IV
1072156	Dual Beetle	Minar Forest : East Border
4000131	Deep Buffoon	Warped Path of Time<2>
1002282	Deep Buffoon	Warped Path of Time<2>
1041099	Deep Buffoon	Warped Path of Time<2>
1061098	Deep Buffoon	Warped Path of Time<2>
1032022	Yabber Doo	Fantasy Theme Park 2
1051058	Froscola	Longest Ride on ByeBye Station
1050077	Deep Buffoon	Warped Path of Time<2>
1072173	Deep Buffoon	Warped Path of Time<2>
1082116	Vikerola	Fantasy Theme Park 3
1082207	Deep Buffoon	Warped Path of Time<2>
4000411	Security Camera	Authorized Personnel Only
1050069	D. Roy	Lab - Area C-3
1082100	D. Roy	Lab - Area C-3
1041102	Yabber Doo	Fantasy Theme Park 2
1061101	Yabber Doo	Fantasy Theme Park 2
1002288	D. Roy	Lab - Area C-3
1322020	D. Roy	Lab - Area C-3
1002273	Froscola	Longest Ride on ByeBye Station
1002339	D. Roy	Lab - Area C-3
1051066	D. Roy	Lab - Area C-3
1041105	D. Roy	Lab - Area C-3
1061104	D. Roy	Lab - Area C-3
4000362	D. Roy	Lab - Area C-3
1072147	Homunculus	Lab - Unit 203
1002094	Homunculus	Lab - Unit 203
1002253	Homunculus	Lab - Unit 203
1050063	Homunculus	Lab - Unit 203
1040108	Homunculus	Lab - Unit 203
1060097	Homunculus	Lab - Unit 203
1072177	Homunculus	Lab - Unit 203
4000361	Homunculus	Lab - Unit 203
1482010	Booper Scarlion	Fantasy Theme Park 2
4000074	Lucida	Hall of Mushroom
4161021	Lucida	Hall of Mushroom
1072312	Booper Scarlion	Fantasy Theme Park 2
4000079	Cerebes	The Cave of Trial II
1050070	Jester Scarlion	Longest Ride on ByeBye Station
1072165	Yabber Doo	Fantasy Theme Park 2
1082105	Froscola	Longest Ride on ByeBye Station
1032016	Cerebes	The Cave of Trial II
1372016	Red Slime	<Year 2021> Average Town Entrance
4000236	Beetle	Leafre : East Forest
1072184	Beetle	Leafre : East Forest
1002640	Beetle	Leafre : East Forest
4000237	Dual Beetle	Minar Forest : East Border
1051063	Miner Zombie	Dead Mine II
1092016	Froscola	Longest Ride on ByeBye Station
4000231	Hankie	Steep Hill
1050074	Froscola	Longest Ride on ByeBye Station
1322028	Hankie	Steep Hill
4000147	Death Teddy	Forgotten Path of Time<3>
2020015	Death Teddy	Forgotten Path of Time<3>
1102030	Yabber Doo	Fantasy Theme Park 2
1050073	Death Teddy	Forgotten Path of Time<3>
1412009	Vikerola	Fantasy Theme Park 3
1082123	Booper Scarlion	Fantasy Theme Park 2
1082118	Death Teddy	Forgotten Path of Time<3>
1002328	Death Teddy	Forgotten Path of Time<3>
1051077	Death Teddy	Forgotten Path of Time<3>
1072196	Death Teddy	Forgotten Path of Time<3>
1072209	Gallopera	Entrance to the Spooky World
1082142	Death Teddy	Forgotten Path of Time<3>
1002329	Gallopera	Entrance to the Spooky World
1051095	Dark Wyvern	Canyon : West Road
1422012	Booper Scarlion	Fantasy Theme Park 2
1102032	Blue Kentaurus	The Area of Blue Kentaurus
1072194	Bone Fish	Deep Sea Gorge I
1102035	Vikerola	Fantasy Theme Park 3
4000028	Tauromacis	Sanctuary Entrance I
1050067	Charmer	Hibiscus Road 1
1051055	Jester Scarlion	Longest Ride on ByeBye Station
1002283	Tauromacis	Sanctuary Entrance I
1102027	Tauromacis	Sanctuary Entrance I
1082115	Tauromacis	Sanctuary Entrance I
1002272	Tauromacis	Sanctuary Entrance I
4000046	Taurospear	Sanctuary Entrance IV
1072167	Froscola	Longest Ride on ByeBye Station
1002284	Yabber Doo	Fantasy Theme Park 2
1082104	Charmer	Hibiscus Road 1
1102028	Taurospear	Sanctuary Entrance IV
1051056	Taurospear	Sanctuary Entrance IV
1002327	Taurospear	Sanctuary Entrance IV
1072211	Taurospear	Sanctuary Entrance IV
2041020	Green Mushroom	Tree Dungeon, Forest Up North IV
1472022	Yeti and Pepe	Ice Valley II
1102023	Yeti and Pepe	Ice Valley II
1092006	Yeti and Pepe	Ice Valley II
4000208	Commander Skeleton	Remains <Cliff>
1092023	Overlord A	<Year 2099> Midnight Harbor Entrance
1072182	Commander Skeleton	Remains <Cliff>
1082110	Captain	Pillage of Treasure Island
4000297	Captain	Pillage of Treasure Island
4000053	Werewolf	Wolf Territory II
4000148	Master Death Teddy	Lost Time
1302018	Master Death Teddy	Lost Time
1002274	Booper Scarlion	Fantasy Theme Park 2
1041107	Master Death Teddy	Lost Time
1061106	Master Death Teddy	Lost Time
1050080	Master Death Teddy	Lost Time
1051068	Master Death Teddy	Lost Time
1072212	Master Death Teddy	Lost Time
1041121	Master Death Teddy	Lost Time
1061120	Master Death Teddy	Lost Time
1072203	Master Death Teddy	Lost Time
1072206	Master Death Teddy	Lost Time
1082143	Master Death Teddy	Lost Time
2070007	Zombie Mushmom	The Grave of Mushmom
4000226	Rash	West Leafre Forest
4000227	Rash	West Leafre Forest
4000228	Rash	West Leafre Forest
4000229	Dark Rash	Peach Monkey Forest
2040505	Slime	The Tree That Grew II
4000230	Dark Rash	Peach Monkey Forest
1082119	Hobi	Cranky Forest
4000260	Hobi	Cranky Forest
2040512	Gold Slime  	<Year 2021> Average Town Outskirt
1082125	Green Hobi	Steep Hill
4000261	Green Hobi	Steep Hill
1052125	Green Hobi	Steep Hill
4000132	Ghost Pirate	Warped Path of Time<3>
1002277	Ghost Pirate	Warped Path of Time<3>
1082114	Ghost Pirate	Warped Path of Time<3>
1092025	Ghost Pirate	Warped Path of Time<3>
1462011	Froscola	Longest Ride on ByeBye Station
1432010	Booper Scarlion	Fantasy Theme Park 2
1050089	Ghost Pirate	Warped Path of Time<3>
1072192	Ghost Pirate	Warped Path of Time<3>
1072207	Ghost Pirate	Warped Path of Time<3>
1082128	Ghost Pirate	Warped Path of Time<3>
4000133	Dual Ghost Pirate	Unbalanced Time
1051057	Overlord B	<Year 2099> Midnight Harbor Warehouse
1002330	Dual Ghost Pirate	Unbalanced Time
1050075	Dual Ghost Pirate	Unbalanced Time
1082121	Dual Ghost Pirate	Unbalanced Time
1041115	Dual Ghost Pirate	Unbalanced Time
1061114	Dual Ghost Pirate	Unbalanced Time
1072197	Dual Ghost Pirate	Unbalanced Time
1082131	Dual Ghost Pirate	Unbalanced Time
1312011	Bain	WanWan Spa of Hell
1332023	Red Kentaurus	Battlefield of Fire and Darkness
1442019	Blue Kentaurus	The Area of Blue Kentaurus
1452015	Birk	Valley of the Antelope
1462013	Yabber Doo	Fantasy Theme Park 2
1472031	Gallopera	Entrance to the Spooky World
4000418	Deet and Roi	Lab - Unit 202
1102031	Vikerola	Fantasy Theme Park 3
4000355	Homunscullo	Lab - Unit 202
4021008	Giant Cake	Sweet Cake Hill 3
4000054	Lycanthrope	Wolf Territory III
4000238	Harp	Entrance to Sky Nest
4000239	Blood Harp	Sky Nest II
1082112	Booper Scarlion	Fantasy Theme Park 2
1462012	Prototype Lord	<Year 2216> Ruined City Construction Site
4000240	Blood Harp	Sky Nest II
4000234	Black Kentaurus	The Area of Black Kentaurus
1082117	Black Kentaurus	The Area of Black Kentaurus
1072179	Booper Scarlion	Fantasy Theme Park 2
1452014	Black Kentaurus	The Area of Black Kentaurus
1092026	Black Kentaurus	The Area of Black Kentaurus
1312030	Black Kentaurus	The Area of Black Kentaurus
1402035	Black Kentaurus	The Area of Black Kentaurus
1472053	Black Kentaurus	Moose's Practice Field
4000232	Red Kentaurus	Battlefield of Fire and Darkness
1422027	Red Kentaurus	Battlefield of Fire and Darkness
1452019	Nest Golem	Dangerous Dragon Nest
1382035	Red Kentaurus	Battlefield of Fire and Darkness
4161015	Red Kentaurus	Battlefield of Fire and Darkness
1002643	Red Kentaurus	Battlefield of Fire and Darkness
4000233	Blue Kentaurus	The Area of Blue Kentaurus
1041106	Booper Scarlion	Fantasy Theme Park 2
1061105	Blue Kentaurus	The Area of Blue Kentaurus
1452013	Blue Kentaurus	The Area of Blue Kentaurus
1332051	Blue Kentaurus	The Area of Blue Kentaurus
1322045	Blue Kentaurus	The Area of Blue Kentaurus
1412021	Blue Kentaurus	The Area of Blue Kentaurus
4161016	Blue Kentaurus	The Area of Blue Kentaurus
4000241	Birk	Valley of the Antelope
1050083	Yabber Doo	Fantasy Theme Park 2
1072185	Birk	Valley of the Antelope
1092027	Birk	Valley of the Antelope
1302056	Birk	Valley of the Antelope
1372010	Birk	Valley of the Antelope
1332052	Typhon	The Path of Peril
4000242	Dual Birk	Valley of the Antelope
1051080	Yabber Doo	Fantasy Theme Park 2
1072183	Dual Birk	Valley of the Antelope
1432030	Maverick Type S	<Year 2230> Dangerous Tower Ventilator
1442044	Maverick Type S	<Year 2230> Dangerous Tower Ventilator
1462015	Maverick Type S	<Year 2230> Dangerous Tower Ventilator
4000145	Klock	Forgotten Path of Time<2>
4000146	Dark Klock	Forgotten Path of Time<2>
1002340	Dark Klock	Forgotten Path of Time<2>
4000080	Bain	WanWan Spa of Hell
1082111	Bain	WanWan Spa of Hell
1092024	Bain	WanWan Spa of Hell
1072174	Bain	WanWan Spa of Hell
1050078	Vikerola	Fantasy Theme Park 3
1060104	Bain	WanWan Spa of Hell
1040115	Bain	WanWan Spa of Hell
1072208	Bain	WanWan Spa of Hell
1082126	Bain	WanWan Spa of Hell
1032017	Bain	WanWan Spa of Hell
1072195	Bain	WanWan Spa of Hell
4000182	Bone Fish	Deep Sea Gorge I
2020013	Bone Fish	Deep Sea Gorge I
1040111	Bone Fish	Deep Sea Gorge I
1060100	Bone Fish	Deep Sea Gorge I
1002324	Bone Fish	Deep Sea Gorge I
1072205	Bone Fish	Deep Sea Gorge I
1052128	Imperial Guard	<Year 2503> Air Battleship Bow
1002528	Blue Dragon Turtle	Entrance to Dragon Forest
1040117	Blue Dragon Turtle	Entrance to Dragon Forest
1060106	Blue Dragon Turtle	Entrance to Dragon Forest
1041120	Blue Dragon Turtle	Entrance to Dragon Forest
1061119	Blue Dragon Turtle	Entrance to Dragon Forest
1082134	Gallopera	Entrance to the Spooky World
1072204	Blue Dragon Turtle	Entrance to Dragon Forest
4000262	Blue Dragon Turtle	Entrance to Dragon Forest
4000244	Nest Golem	Dangerous Dragon Nest
4000245	Nest Golem	Dangerous Dragon Nest
2290106	Blue Dragon Turtle	Entrance to Dragon Forest
1002365	Red Dragon Turtle	Dragon Forest I
1051096	Red Dragon Turtle	Dragon Forest I
1082144	Red Dragon Turtle	Dragon Forest I
1302023	Red Dragon Turtle	Dragon Forest I
1332027	Typhon	The Path of Peril
4000263	Red Dragon Turtle	Dragon Forest I
1082210	Red Dragon Turtle	Dragon Forest I
2290122	Red Dragon Turtle	Dragon Forest I
1041117	Rexton	Dragon Forest II
1061116	Rexton	Dragon Forest II
1050106	Rexton	Dragon Forest II
1082139	Rexton	Dragon Forest II
1452017	Gallopera	Entrance to the Spooky World
4000264	Rexton	Dragon Forest II
1492011	Rexton	Dragon Forest II
2290112	Rexton	Dragon Forest II
1002325	Brexton	Dragon Forest III
1050090	Brexton	Dragon Forest III
1082151	Brexton	Dragon Forest III
1040120	Brexton	Dragon Forest III
1060109	Brexton	Dragon Forest III
1322029	Brexton	Dragon Forest III
4000265	Brexton	Dragon Forest III
1082159	Brexton	Dragon Forest III
2290088	Brexton	Dragon Forest III
2290099	Brexton	Dragon Forest III
4000134	Spirit Viking	Warped Path of Time<4>
1050072	Royal Guard	<Year 2503> Air Battleship Area B
1002278	Froscola	Longest Ride on ByeBye Station
1050076	Royal Guard	<Year 2503> Air Battleship Area B
1051079	Froscola	Longest Ride on ByeBye Station
1040112	Spirit Viking	Warped Path of Time<4>
1060101	Spirit Viking	Warped Path of Time<4>
1082132	Spirit Viking	Warped Path of Time<4>
2290082	Royal Guard	<Year 2503> Air Battleship Area B
1072315	Spirit Viking	Warped Path of Time<4>
2290097	Royal Guard	<Year 2503> Air Battleship Area B
4000135	Gigantic Spirit Viking	Twisted Time
1402015	Gigantic Spirit Viking	Twisted Time
1050093	Mr. Anchor	Ghost Ship 6
1051083	Gigantic Spirit Viking	Twisted Time
1061115	Gigantic Spirit Viking	Twisted Time
1041116	Gigantic Spirit Viking	Twisted Time
4000183	Squid	Dangerous Sea Gorge I
1102026	Squid	Dangerous Sea Gorge I
1041119	Squid	Dangerous Sea Gorge I
1061118	Squid	Dangerous Sea Gorge I
1072224	Squid	Dangerous Sea Gorge I
1482011	Squid	Dangerous Sea Gorge I
2290098	Squid	Dangerous Sea Gorge I
4000149	Phantom Watch	Forgotten Path of Time<4>
1040110	Phantom Watch	Forgotten Path of Time<4>
1060099	Phantom Watch	Forgotten Path of Time<4>
1051067	Phantom Watch	Forgotten Path of Time<4>
1050091	Phantom Watch	Forgotten Path of Time<4>
1082133	Phantom Watch	Forgotten Path of Time<4>
4000184	Risell Squid	Dangerous Sea Gorge II
1041118	Risell Squid	Dangerous Sea Gorge II
1061117	Risell Squid	Dangerous Sea Gorge II
1051084	Risell Squid	Dangerous Sea Gorge II
1050095	Gallopera	Entrance to the Spooky World
1051097	Gallopera	Entrance to the Spooky World
1092028	Risell Squid	Dangerous Sea Gorge II
1072220	Risell Squid	Dangerous Sea Gorge II
2290032	Risell Squid	Dangerous Sea Gorge II
2290114	Oblivion Guardian	Road to Oblivion3
4000150	Grim Phantom Watch	Forbidden Time
2022003	Jester Scarlion	Longest Ride on ByeBye Station
1462010	Grim Phantom Watch	Forbidden Time
1082120	Grim Phantom Watch	Forbidden Time
1051094	Grim Phantom Watch	Forbidden Time
1002402	Grim Phantom Watch	Forbidden Time
1040116	Grim Phantom Watch	Forbidden Time
1060105	Grim Phantom Watch	Forbidden Time
1082130	Grim Phantom Watch	Forbidden Time
2040708	Griffey	Griffey Forest
4000180	Shark	The Grave of a Wrecked Ship
1002405	Gallopera	Entrance to the Spooky World
1002366	Gallopera	Entrance to the Spooky World
1072214	Shark	The Grave of a Wrecked Ship
4161018	Shark	The Grave of a Wrecked Ship
1052131	Shark	The Grave of a Wrecked Ship
2290118	Shark	The Grave of a Wrecked Ship
4000181	Cold Shark	The Grave of a Wrecked Ship
1002326	Cold Shark	The Grave of a Wrecked Ship
1072223	Cold Shark	The Grave of a Wrecked Ship
2290042	Shark	The Grave of a Wrecked Ship
2290052	Cold Shark	The Grave of a Wrecked Ship
1072318	Cold Shark	The Grave of a Wrecked Ship
2290102	Shark	The Grave of a Wrecked Ship
1002529	Green Cornian	The Forest That Disappeared
1050102	Green Cornian	The Forest That Disappeared
1051105	Green Cornian	The Forest That Disappeared
1051092	Green Cornian	The Forest That Disappeared
1082135	Green Cornian	The Forest That Disappeared
1402005	Imperial Guard	<Year 2503> Air Battleship Bow
1462018	Green Cornian	The Forest That Disappeared
4000266	Green Cornian	The Forest That Disappeared
1002646	Green Cornian	The Forest That Disappeared
2290100	Green Cornian	The Forest That Disappeared
1002530	Dark Cornian	The Hidden Dragon Tomb II
1050098	Dark Cornian	The Hidden Dragon Tomb II
1041122	Dark Cornian	The Hidden Dragon Tomb II
1061121	Dark Cornian	The Hidden Dragon Tomb II
1051101	Dark Cornian	The Hidden Dragon Tomb II
1082158	Dark Cornian	The Hidden Dragon Tomb II
4000267	Dark Cornian	The Hidden Dragon Tomb II
1082136	Dark Cornian	The Hidden Dragon Tomb II
2290004	Dark Cornian	The Hidden Dragon Tomb II
2290006	Dark Cornian	The Hidden Dragon Tomb II
2290024	Green Cornian	The Forest That Disappeared
2290036	Dark Cornian	The Hidden Dragon Tomb II
2290056	Dark Cornian	The Hidden Dragon Tomb II
2290072	Dark Cornian	The Hidden Dragon Tomb II
2290078	Dark Cornian	The Hidden Dragon Tomb II
1492012	Nest Golem	Dangerous Dragon Nest
2290117	Dark Cornian	The Hidden Dragon Tomb II
4000268	Red Wyvern	Red Wyvern's Nest
2290120	Red Wyvern	Red Wyvern's Nest
4000269	Blue Wyvern	Blue Wyvern's Nest
1002532	Blue Wyvern	Blue Wyvern's Nest
1050094	Red Dragon Turtle	Dragon Forest I
1072227	Blue Wyvern	Blue Wyvern's Nest
1082213	Blue Wyvern	Blue Wyvern's Nest
2290101	Blue Wyvern	Blue Wyvern's Nest
4000270	Dark Wyvern	Canyon : West Road
1002531	Dark Wyvern	Canyon : West Road
1060107	Dark Wyvern	Canyon : West Road
1082127	Dark Wyvern	Canyon : West Road
2290010	Dark Wyvern	Canyon : West Road
2290019	Dark Wyvern	Canyon : West Road
2290026	Dark Wyvern	Canyon : West Road
2290076	Dark Wyvern	Canyon : West Road
1482012	Dark Wyvern	Canyon : West Road
2290119	Dark Wyvern	Canyon : West Road
4000151	Gatekeeper	Warped Passage
1050062	Gatekeeper	Warped Passage
1040118	Gatekeeper	Warped Passage
1072213	Gatekeeper	Warped Passage
4000152	Thanatos	Forgotten Passage
1452012	Thanatos	Forgotten Passage
1051069	Thanatos	Forgotten Passage
1002404	Thanatos	Forgotten Passage
1040113	Thanatos	Forgotten Passage
1060102	Thanatos	Forgotten Passage
4000235	Manon	Manon's Forest
2290003	Red Wyvern	Red Wyvern's Nest
2290015	Manon	Manon's Forest
2290030	Jr. Newtie	Newt Secured Zone
2290035	Cold Shark	The Grave of a Wrecked Ship
2290063	Skelegon	Nest of a Dead Dragon
2290080	Nest Golem	Dangerous Dragon Nest
4000243	Griffey	Griffey Forest
2290018	Nest Golem	Dangerous Dragon Nest
2290059	Memory Monk	Memory Lane1
2290069	Chief Memory Guardian	Memory Lane5
2290092	Chief Oblivion Guardian	Road to Oblivion5
2040532	Eye of Time	Memory Lane5
4000272	Jr. Newtie	Newt Secured Zone
1002398	Jr. Newtie	Newt Secured Zone
1072228	Jr. Newtie	Newt Secured Zone
2290044	Blue Kentaurus	The Area of Blue Kentaurus
2290054	Jr. Newtie	Newt Secured Zone
2290066	Jr. Newtie	Newt Secured Zone
2290103	Jr. Newtie	Newt Secured Zone
4000271	Nest Golem	Dangerous Dragon Nest
1002406	Nest Golem	Dangerous Dragon Nest
1050097	Pianus	The Cave of Pianus
1072225	Oblivion Monk Trainee	Road to Oblivion2
1082152	Nest Golem	Dangerous Dragon Nest
2290000	Nest Golem	Dangerous Dragon Nest
2290008	Nest Golem	Dangerous Dragon Nest
2290038	Nest Golem	Dangerous Dragon Nest
2290060	Nest Golem	Dangerous Dragon Nest
2290124	Nest Golem	Dangerous Dragon Nest
4000274	Skelegon	Nest of a Dead Dragon
1002377	Skelegon	Nest of a Dead Dragon
1050107	Skelegon	Nest of a Dead Dragon
1050103	Skelegon	Nest of a Dead Dragon
1072221	Skelegon	Nest of a Dead Dragon
1082140	Skelegon	Nest of a Dead Dragon
2290012	Thanatos	Forgotten Passage
2290014	Skelegon	Nest of a Dead Dragon
2290050	Imperial Guard	<Year 2503> Air Battleship Bow
2290062	Skelegon	Nest of a Dead Dragon
2290070	Skelegon	Nest of a Dead Dragon
2290086	Thanatos	Forgotten Passage
2290108	Skelegon	Nest of a Dead Dragon
4000273	Skelosaurus	The Dragon Nest Left Behind
1002380	Skelosaurus	The Dragon Nest Left Behind
1051102	Skelosaurus	The Dragon Nest Left Behind
1040121	Skelosaurus	The Dragon Nest Left Behind
1072215	Skelosaurus	The Dragon Nest Left Behind
2290002	Skelosaurus	The Dragon Nest Left Behind
2290009	Imperial Guard	<Year 2503> Air Battleship Bow
2290034	Skelosaurus	The Dragon Nest Left Behind
2290058	Skelosaurus	The Dragon Nest Left Behind
2290068	Skelosaurus	The Dragon Nest Left Behind
2290090	Skelosaurus	The Dragon Nest Left Behind
2290053	Shark	The Grave of a Wrecked Ship
2290121	Skelosaurus	The Dragon Nest Left Behind
4000443	Eye of Time	Memory Lane5
2330004	Eye of Time	Memory Lane5
4000444	Memory Monk	Memory Lane1
4000446	Memory Monk	Memory Lane1
4000445	Memory Monk Trainee	Memory Lane2
1051085	Memory Monk Trainee	Memory Lane2
4000447	Memory Guardian	Memory Lane3
4000459	Memory Guardian	Memory Lane3
1412010	Memory Guardian	Memory Lane3
4000448	Chief Memory Guardian	Memory Lane5
1072198	Gallopera	Entrance to the Spooky World
1092036	Chief Memory Guardian	Memory Lane5
2290073	Shark	The Grave of a Wrecked Ship
4000449	Qualm Monk	Road of Regrets1
4000451	Qualm Monk	Road of Regrets1
1051103	Qualm Monk	Road of Regrets1
2290079	Qualm Monk	Road of Regrets1
4000450	Qualm Monk Trainee	Road of Regrets2
1002378	Qualm Monk Trainee	Road of Regrets2
1051107	Qualm Monk Trainee	Road of Regrets2
1462017	Qualm Monk Trainee	Road of Regrets2
2290077	Qualm Monk Trainee	Road of Regrets2
4000452	Qualm Guardian	Road of Regrets3
1041124	Qualm Guardian	Road of Regrets3
1002400	Qualm Guardian	Road of Regrets3
1051091	Qualm Guardian	Road of Regrets3
2290007	Skelegon	Nest of a Dead Dragon
4000453	Chief Qualm Guardian	Road of Regrets4
1050104	Chief Qualm Guardian	Road of Regrets4
1002407	Chief Qualm Guardian	Road of Regrets4
1060111	Chief Qualm Guardian	Road of Regrets4
1061123	Chief Qualm Guardian	Road of Regrets4
4000454	Oblivion Monk	Road to Oblivion1
4000456	Oblivion Monk	Road to Oblivion1
1082153	Oblivion Monk	Road to Oblivion1
1050108	Oblivion Monk	Road to Oblivion1
1002381	Oblivion Monk	Road to Oblivion1
2290039	Oblivion Monk	Road to Oblivion1
4000455	Oblivion Monk Trainee	Road to Oblivion2
1050099	Oblivion Monk Trainee	Road to Oblivion2
2290089	Oblivion Monk Trainee	Road to Oblivion2
4000457	Oblivion Guardian	Road to Oblivion3
1002379	Oblivion Guardian	Road to Oblivion3
1072229	Oblivion Guardian	Road to Oblivion3
1082138	Oblivion Guardian	Road to Oblivion3
2290046	Oblivion Guardian	Road to Oblivion3
4000458	Chief Oblivion Guardian	Road to Oblivion5
1040122	Chief Oblivion Guardian	Road to Oblivion5
1002401	Chief Oblivion Guardian	Road to Oblivion5
1072216	Chief Oblivion Guardian	Road to Oblivion5
1452021	Chief Oblivion Guardian	Road to Oblivion5
2290093	Chief Oblivion Guardian	Road to Oblivion5
2012001	Giant Cake	Sweet Cake Hill 3
2022186	Snowman	Valley of Snowman
1332026	Bain	WanWan Spa of Hell
2290031	Oblivion Monk	Road to Oblivion1
2290033	Red Wyvern	Red Wyvern's Nest
2290061	Lyka	Road to Oblivion5
4000460	Dodo	Memory Lane5
2290025	Dodo	Memory Lane5
1082141	Dodo	Memory Lane5
1050105	Dodo	Memory Lane5
1051093	Dodo	Memory Lane5
4000461	Lilynouch	Road of Regrets5
2290037	Lilynouch	Road of Regrets5
2290055	Skelegon	Nest of a Dead Dragon
1072222	Lilynouch	Road of Regrets5
1082154	Lilynouch	Road of Regrets5
1002382	Lilynouch	Road of Regrets5
1051104	Lilynouch	Road of Regrets5
4000462	Lyka	Road to Oblivion5
2290013	Royal Guard	<Year 2503> Air Battleship Area B
2290043	Lyka	Road to Oblivion5
1072226	Lyka	Road to Oblivion5
1082160	Lyka	Road to Oblivion5
2290011	Eye of Time	Memory Lane5
2290051	Chief Qualm Guardian	Road of Regrets4
2290071	Skelosaurus	The Dragon Nest Left Behind
2290107	Blue Wyvern	Blue Wyvern's Nest
2290123	Bigfoot	Twisted Paths
1060110	Pianus	The Cave of Pianus
1041123	Pianus	The Cave of Pianus
1061122	Pianus	The Cave of Pianus
1051106	Pianus	The Cave of Pianus
4001085	Pianus	The Cave of Pianus
4000175	Pianus	The Cave of Pianus
2290001	Oblivion Guardian	Road to Oblivion3
2290005	Eye of Time	Memory Lane5
2290027	Pianus	The Cave of Pianus
2290083	Imperial Guard	<Year 2503> Air Battleship Bow
2280007	Pianus	The Cave of Pianus
2280008	Pianus	The Cave of Pianus
2280009	Pianus	The Cave of Pianus
2280010	Pianus	The Cave of Pianus
2290016	Qualm Guardian	Road of Regrets3
2290020	Headless Horseman	Creeping Evil
2290029	Blue Wyvern	Blue Wyvern's Nest
2290040	Oblivion Guardian	Road to Oblivion3
2290048	Oblivion Guardian	Road to Oblivion3
2290057	Headless Horseman	Creeping Evil
2290064	Qualm Monk Trainee	Road of Regrets2
2290067	Royal Guard	<Year 2503> Air Battleship Area B
2290074	Crimson Guardian	Crimsonwood Keep
2290115	Chief Oblivion Guardian	Road to Oblivion5
1072369	King Slime	1st Accompaniment <Last Stage>
4030001	Orange Mushroom	L Forest III
2020001	Extra C	Showa Street 2
2020005	Giant Cake	Sweet Cake Hill 3
2020003	Giant Cake	Sweet Cake Hill 3
2020009	Giant Cake	Sweet Cake Hill 3
2020006	Emo Slime	Outskirts of Muddy Banks
2020010	Nightghost	A Desolate Cemetery
2001000	Red Slime	<Year 2021> Average Town Entrance
2020012	Giant Cake	Sweet Cake Hill 3
2330005	Gallopera	Entrance to the Spooky World
4000497	Murukun	Dangerous Forest
2040500	Murukun	Dangerous Forest
2044400	Murukun	Dangerous Forest
1002042	Murukun	Dangerous Forest
1002051	Murukun	Dangerous Forest
1072050	Murukun	Dangerous Forest
4000496	Murumuru	Snow-covered Field 3
1002041	Murumuru	Snow-covered Field 3
1002007	Murumuru	Snow-covered Field 3
1040038	Murumuru	Snow-covered Field 3
1060028	Murumuru	Snow-covered Field 3
1061023	Murumuru	Snow-covered Field 3
1072009	Murumuru	Snow-covered Field 3
1442006	Murumuru	Snow-covered Field 3
4000495	Murupia	Snow-covered Field 2
1002001	Murupia	Snow-covered Field 2
1002003	Murupia	Snow-covered Field 2
1040015	Murupia	Snow-covered Field 2
1060008	Murupia	Snow-covered Field 2
4000494	Murupa	Snow-covered Field 1
2040400	Murupa	Snow-covered Field 1
1002002	Murupa	Snow-covered Field 1
1072005	Murupa	Snow-covered Field 1
4000493	Muru	Dangerous Forest
2010000	Muru	Dangerous Forest
2040003	Muru	Dangerous Forest
1040010	Muru	Dangerous Forest
1041004	Muru	Dangerous Forest
4130021	Renegade Spores	Secluded Mushroom Forest
4000499	Renegade Spores	Secluded Mushroom Forest
2043216	Royal Cactus	Cactus Desert 2
2043311	Renegade Spores	Secluded Mushroom Forest
2382092	Renegade Spores	Secluded Mushroom Forest
4000502	Helmet Pepe	Security Room
2044416	Helmet Pepe	Security Room
2043711	Helmet Pepe	Security Room
2382095	Helmet Pepe	Security Room
4000501	Intoxicated Pig	Steep Downhill 2
2044216	Master Chronos	Lost Time <2>
2044316	Iruvata	<Year 2215> Bombed City Center Overpass
2382094	Intoxicated Pig	Steep Downhill 2
4000500	Poison Mushroom	Split Road of Destiny
4000507	Poison Mushroom	Split Road of Destiny
2044024	Poison Mushroom	Split Road of Destiny
2044116	Poison Mushroom	Split Road of Destiny
2382093	Poison Mushroom	Split Road of Destiny
4000503	Royal Guard Pepe	Skyscraper 6
2044611	Royal Guard Pepe	Skyscraper 6
2044711	Royal Guard Pepe	Skyscraper 6
2044816	Royal Guard Pepe	Skyscraper 6
2382096	Royal Guard Pepe	Skyscraper 6
2380000	Snail	Snail Hunting Ground II
2380001	Blue Snail	Purple Plains 1
2380003	Stump	Perion Street Corner
2380004	Red Snail	Adventurer Training Center 2
2380005	Slime	The Tree That Grew II
2380006	Pig	Pirate Training Center
2380007	Orange Mushroom	L Forest III
2380008	Dark Stump	West Domain of Perion
2380009	Ribbon Pig	L Forest II
2380010	Octopus	Tree Dungeon, Forest Up North III
2380011	Green Mushroom	Tree Dungeon, Forest Up North IV
2380012	Bubbling	Line 1 <Area 1>
2381000	Axe Stump	Deep Valley I
2381001	Ghost Stump	Deep Valley II
2381002	Blue Mushroom	The Road to the Dungeon
2381003	Stirge	Transfer Area
2381006	Jr. Necki	Swamp of the Jr.Necki
2381007	Horny Mushroom	Ant Tunnel IV
2381008	Dark Axe Stump	East Rocky Mountain V
2381009	Pinboom	The Sharp Unknown
2381010	Jr. Cactus	Outside the West Entrance of Ariant
2381011	Trixter	Eos Tower 73rd Floor
2381012	Jr. Sentinel	Orbis Tower <20th Floor>
2381013	Seacle	Fish Resting Spot
2381014	Wooden Mask	Excavation Site II
2381015	Bellamoa	Bellamoa's Cave
2381016	Zombie Mushroom	Ant Tunnel III
2381017	Krappy	Blue Seaweed Road
2381018	Rocky Mask	Excavation Site III
2381019	Ear Plug Plead	The Scorching Desert
2381020	Sand Rat	Hill of Sandstorms
2381021	Cico	Fish Resting Spot
2381022	Wild Boar	East Rocky Mountain VII
2381023	Cactus	Cactus Desert 1
2381024	Evil Eye	The Cave of Evil Eye III
2381025	Scarf Plead	Frilled Field
2381026	Bubble Fish	Big Fish Valley
2381027	Green Trixter	Eos Tower 71st Floor
2381028	Royal Cactus	Cactus Desert 2
2381029	Flower Fish	Sand Castle Playground
2381031	Scorpion	Sahel 1
2381032	Sentinel	Orbis Tower <15th Floor>
2381034	Brown Teddy	Terrace Hall
2381035	Krip	The Seaweed Tower
2381036	Kiyo	North Desert Road 2
2381037	Ice Sentinel	Orbis Tower <13th Floor>
2381038	Fire Sentinel	Orbis Tower <11th Floor>
2382000	Chirppy	Eos Tower 92nd Floor
2382002	Ligator	The Swamp of Despair I
2382004	Pink Teddy	Cloud Terrace<2>
2382005	Ratz	Eos Tower 1st Floor
2382006	Leatty	Snowy Hill
2382007	Mask Fish	The Seaweed Tower
2382009	Cube Slime	Lab - Unit 101
2382011	Jr. Cellion	Garden of Red I
2382012	Jr. Lioner	Garden of Yellow I
2382013	Jr. Grupin	Garden of Green I
2382014	Dark Leatty	Orbis Tower <3rd Floor>
2382015	Roloduck	Sky Terrace<5>
2382016	Black Ratz	Eos Tower 3rd Floor
2382017	Tick	Crossroad of Time
2382018	Curse Eye	Hunting Ground in the Deep Forest II
2382019	Jr. Wraith	Line 2 <Area 1>
2382020	Star Pixie	Cloud Park I
2382022	Bloctopus	Eos Tower 41st Floor
2382023	Jr. Pepe	Orbis Tower <1st Floor>
2382024	Rumo	Lab - Unit 102
2382025	Panda Teddy	Toy Factory <Main Process 2>
2382026	Helly	Eos Tower 60th Floor
2382027	Scuba Pepe	Penguin's Playground
2382028	Retz	Helios Tower (100th Floor)
2382029	Lupin	Monkey Swamp I
2382030	Lorang	A Look-Out Shed Around the Beach
2382031	Propelly	Eos Tower 59th Floor
2382032	Chronos	The Path of Time <2>
2382033	King Bloctopus	Eos Tower 22nd Floor
2382034	Planey	Eos Tower 25th Floor
2382035	Jr. Seal	Crystal Gorge
2382036	Triple Rumo	Lab - Unit 103
2382037	Tweeter	Eos Tower 6th Floor
2382038	Toy Trojan	Cloud Terrace<5>
2382039	Cold Eye	The Lightless Cave
2382040	Zombie Lupin	Monkey Swamp III
2382041	Tick-Tock	Whirlpool of Time
2382043	Poopa	Ocean I.C
2382044	Poison Poopa	Crystal Gorge
2382045	Chipmunk	Entrance to Sky Forest
2382047	Flyeye	Dead Mine IV
2382048	Robo	Toy Factory <Process 1> Zone 6
2382049	Platoon Chronos	Lost Time <1>
2382050	Mateon	Off-Limits
2382051	Red Porky	Sky Forest : The Train
2382052	Nependeath	Disposed Flower Garden
2382053	Iron Hog	The Burnt Land III
2382054	Block Golem	Hidden Tower
2382056	Freezer	Red Coral Forest
2382057	Iron Mutae	Lab - Area B-3
2382058	Jr. Cerebes	Cave Within the Cave
2382059	Sparker	Turban Shell Hill
2382060	Black Porky	Deep in the Sky Forest
2382061	Plateon	Boswell Field II
2382062	Master Robo	Toy Factory <Process 2> Zone 1
2382063	Skeledog	Remains <Tomb> I
2382064	Lunar Pixie	Cloud Park IV
2382065	Copper Drake	The Tunnel That Lost Light I
2382066	King Block Golem	Hidden Tower
2382068	Moon Bunny	A Small Well
2382069	Iron Boar	Iron Boar Land
2382070	Blue Flower Serpent	Snake Area
2382071	Red Flower Serpent	Where the Sky Forest Ends
2382072	Reinforced Iron Mutae	Lab - Area A-3
2382076	Mossy Snail	Mossy Tree Forest Entrance
2383000	Mecateon	Boswell Field V
2383001	Tortie	Hot Sand
2383002	Master Chronos	Lost Time <2>
2383003	Dark Nependeath	Disposed Flower Garden
2383004	Rombot	Hidden Tower
2383006	Jar	10-Year-Old Herb Garden
2383008	Wraith	Line 2 <Area 3>
2383009	Clang	Lorang and Clang
2383010	Ginseng Jar	50-Year-Old Herb Garden
2383012	Drake	The Lightless Cave
2383013	Jr. Yeti	Ice Chamber
2383014	Hodori	Tiger Forest I
2383015	Straw Target Dummy	Practice Field : Normal Level
2383017	Firebomb	Fire Chamber
2383018	Wooden Target Dummy	Practice Field : Advanced Level
2383019	Croco	Dangerous Croko I
2383021	Cellion	Garden of Red II
2383022	Lioner	Garden of Yellow II
2383023	Grupin	Garden of Green II
2383024	Hogul	Black Mountain <Valley>
2383025	Bellflower Root	60-Year-Old Herb Garden
2383026	MT-09	Defeat Monsters
2383027	Sr. Bellflower Root	Bellflower Valley
2383029	Malady	The Forest of Evil II
2383030	Stone Golem	The Entrance of Golem's Temple
2383031	Hector	Cold Field I
2383032	The Book Ghost	Virtuous Forest
2383033	Dark Jr. Yeti	Dangerous Cliff
2383035	Grizzly	Wild Bear Area 1
2383036	Skeleton Soldier	Camp 1
2383037	Coolie Zombie	Forest of Dead Trees I
2383038	Miner Zombie	Dead Mine II
2383039	Dark Stone Golem	The forest of Golem
2383040	White Fang	Icy Cold Field
2383041	Reindeer	Peach Farm 2
2383042	Neo Huroid	Lab - Area C-3
2383043	Mixed Golem	The forest of Golem
2383044	Red Drake	The Tunnel That Lost Light II
2383047	Panda	Wild Bear Area 3
2383048	Shade	Line 1 <Area 4>
2383049	Master Dummy	Practice Field : Advanced Level
2383056	Tree Rod	Western Region of Mossy Tree Forest 2
2383057	Mossy Mushroom	Mushroom Hill Entrance
2383058	Primitive Boar	Boulder Mountain Entrance
2383059	Stone Bug	Souther Region of Mossy Tree Forest 1
2384000	Buffy	Warped Path of Time<1>
2384001	Wild Kargo	Wild Cargo's Area
2384002	Peach Monkey	Peach Farm1
2384003	Officer Skeleton	Camp 3
2384004	Soul Teddy	Forgotten Path of Time<1>
2384006	Ice Drake	Cold Cradle
2384008	Mr. Alli	Old Swamp
2384010	Riche	Forest of Dead Trees IV
2384011	Homun	Lab - Unit 201
2384012	Lazy Buffy	Warped Path of Time<1>
2384013	Sage Cat	Goblin Forest 1
2384014	Master Soul Teddy	Forgotten Path of Time<1>
2384015	Dark Drake	Cold Cradle
2384017	Kru	Red-Nose Pirate Den 1
2384019	Klock	Forgotten Path of Time<2>
2384020	Tauromacis	Sanctuary Entrance I
2384024	Rash	West Leafre Forest
2384025	Captain	Pillage of Treasure Island
2384026	Cerebes	The Cave of Trial II
2384027	Beetle	Leafre : East Forest
2384028	Hobi	Cranky Forest
2384029	Commander Skeleton	Remains <Cliff>
2384032	Buffoon	Warped Path of Time<2>
2384033	Dark Rash	Peach Monkey Forest
2384035	Werewolf	Wolf Territory II
2384036	Taurospear	Sanctuary Entrance IV
2384037	Snow Witch	Watch Out for Icy Path I
2384038	Security Camera	Authorized Personnel Only
2384039	Scholar Ghost	Fox Ridge
2384040	Rurumo	Lab - Area B-3
2385000	Dark Klock	Forgotten Path of Time<2>
2385001	Dual Beetle	Minar Forest : East Border
2385002	Green Hobi	Steep Hill
2385003	Deep Buffoon	Warped Path of Time<2>
2385004	Yeti and Pepe	Ice Valley II
2385005	Hankie	Steep Hill
2385006	Lycanthrope	Wolf Territory III
2385007	Harp	Entrance to Sky Nest
2385008	Homunscullo	Lab - Unit 202
2385009	Dark Yeti and Pepe	Dangerous Cliff
2385011	Blood Harp	Sky Nest II
2385012	Death Teddy	Forgotten Path of Time<3>
2385014	Birk	Valley of the Antelope
2385016	Black Kentaurus	The Area of Black Kentaurus
2385017	Red Kentaurus	Battlefield of Fire and Darkness
2385018	Blue Kentaurus	The Area of Blue Kentaurus
2385019	Dual Birk	Valley of the Antelope
2385020	Master Death Teddy	Lost Time
2385021	Bain	WanWan Spa of Hell
2385022	Blue Dragon Turtle	Entrance to Dragon Forest
2385023	Deet and Roi	Lab - Unit 202
2385025	Eye of Time	Memory Lane5
2386000	Bone Fish	Deep Sea Gorge I
2386001	Red Dragon Turtle	Dragon Forest I
2386003	Squid	Dangerous Sea Gorge I
2386004	Phantom Watch	Forgotten Path of Time<4>
2386005	Rexton	Dragon Forest II
2386006	Brexton	Dragon Forest III
2386007	Risell Squid	Dangerous Sea Gorge II
2386008	Red Wyvern	Red Wyvern's Nest
2386009	Gigantic Spirit Viking	Twisted Time
2386010	Grim Phantom Watch	Forbidden Time
2386011	Green Cornian	The Forest That Disappeared
2386012	Shark	The Grave of a Wrecked Ship
2386013	Blue Wyvern	Blue Wyvern's Nest
2386014	Cold Shark	The Grave of a Wrecked Ship
2386015	Dark Wyvern	Canyon : West Road
2386016	Dark Cornian	The Hidden Dragon Tomb II
2386017	Jr. Newtie	Newt Secured Zone
2386021	Memory Monk	Memory Lane1
2386022	Memory Monk Trainee	Memory Lane2
2386023	Memory Guardian	Memory Lane3
2386024	Chief Memory Guardian	Memory Lane5
2387000	Gatekeeper	Warped Passage
2387001	Thanatos	Forgotten Passage
2387002	Skelegon	Nest of a Dead Dragon
2387003	Skelosaurus	The Dragon Nest Left Behind
2387004	Nest Golem	Dangerous Dragon Nest
2387006	Qualm Monk	Road of Regrets1
2387007	Qualm Monk Trainee	Road of Regrets2
2387008	Qualm Guardian	Road of Regrets3
2387009	Chief Qualm Guardian	Road of Regrets4
2387010	Oblivion Monk	Road to Oblivion1
2387011	Oblivion Monk Trainee	Road to Oblivion2
2387012	Oblivion Guardian	Road to Oblivion3
2387013	Chief Oblivion Guardian	Road to Oblivion5
2388000	Mano	Stage 1 <Mano>
2022430	So Gong	So Gong's Room
2022431	So Gong	So Gong's Room
2022432	So Gong	So Gong's Room
2022433	So Gong	So Gong's Room
4001132	Homunculus	Unpleasant Lab
4001133	Neo Huroid	Special Lab
4000537	Fancy Amplifier 	VIP Zone Area B
2049200	Fancy Amplifier 	7th Floor 8th Floor Area C
2049202	Fancy Amplifier 	7th Floor 8th Floor Area C
2049204	Fancy Amplifier 	7th Floor 8th Floor Area C
2049206	Fancy Amplifier 	7th Floor 8th Floor Area C
4031597	Curse Eye GL	Stage 4 - Last Man Standing
1442029	Slime	The Tree That Grew II
2040600	Slime	The Tree That Grew II
2041043	Snail	Snail Hunting Ground II
4030000	Slime	The Tree That Grew II
4031273	Slime	The Tree That Grew II
4030011	Pig	Pirate Training Center
4030012	Blue Snail	Purple Plains 1
4031846	Red Snail	Adventurer Training Center 2
4032130	Pig	Pirate Training Center
4032340	Pig	Pirate Training Center
4031507	Watchhog	Kenta's Breeding Room
4031495	Tylus	Protect Tylus
2388001	King Slime	1st Accompaniment <Last Stage>
2388002	Faust	Stage 5 <Faust>
2388003	King Clang	Stage 6 <King Clang>
2388004	Alishar	Stage 7 <Alishar>
2388005	Timer	Stage 8 <Timer>
2388006	Mushmom	Someone Else's House
2388007	Dyle	Stage 10 <Dyle>
2388008	Zombie Mushmom	The Grave of Mushmom
2388009	Nine-Tailed Fox	Stage 12 <Nona-Tailed Fox>
2388010	Tae Roon	Stage 14 <Tae Roon>
2388011	Lord Pirate	Stage 13 <Lord Pirate>
2388012	Papa Pixie	Stage 15 <Papa Pixie>
2388013	King Sage Cat	Stage 16 <Priest Cat>
2388014	Frankenroid	Stage 18 <Frankenroid>
2388016	Snowman	Valley of Snowman
2388018	Manon	Manon's Forest
2388019	Griffey	Griffey Forest
2388020	Pianus	The Cave of Pianus
2388022	Papulatus	Stage 26 <Papulatus>
2388025	Stumpy	Stage 2 <Stumpy>
2388026	Jr. Balrog	The Cursed Sanctuary
2388029	Deo	Stage 3 <Deo>
2388031	Zeno	Stage 11 <Zeno>
2388033	Leviathan	Stage 25 <Leviathan>
2388040	Dodo	Memory Lane5
2388041	Lilynouch	Road of Regrets5
2388042	Lyka	Road to Oblivion5
2380013	Cynical Orange Mushroom	Nefarious Hill
2380014	Dejected Green Mushroom	Dungeon, Southern Forest III
2380015	Muru	Dangerous Forest
2380016	Murupa	Snow-covered Field 1
2380017	Murupia	Snow-covered Field 2
2380018	Murumuru	Snow-covered Field 3
2380019	Murukun	Dangerous Forest
2381083	Annoyed Zombie Mushroom	Ant Tunnel IV
4031213	Wild Kargo	Wild Cargo's Area
4031214	Tauromacis	Sanctuary Entrance I
4031215	Taurospear	Sanctuary Entrance IV
2022016	Blue Mushroom	The Road to the Dungeon
4031153	Dark Axe Stump	East Rocky Mountain V
4031268	Hodori	Tiger Forest I
4031259	Seacle	Fish Resting Spot
4031260	Cico	Fish Resting Spot
4031261	Pinboom	The Sharp Unknown
4031262	Flower Fish	Sand Castle Playground
4031263	Mask Fish	The Seaweed Tower
4031264	Bubble Fish	Big Fish Valley
4031265	Poopa	Ocean I.C
4031266	Sparker	Turban Shell Hill
4031267	Freezer	Red Coral Forest
4031103	Barnard Gray	Barnard Field
4031104	Zeta Gray	Kulan Field III
4031105	Ultra Gray	Kulan Field IV
4031106	Chief Gray	Barnard Field
4031790	Samiho	Fox Ridge
4031675	Tick-Tock	Whirlpool of Time
4031681	I.AM.ROBOT	Mountain Slopes
4031209	Bubble Fish	Big Fish Valley
4031159	Chronos	The Path of Time <2>
4031472	Goby in Warped Dimension	Warped Dimension
4031925	Malady	The Forest of Evil II
4031146	Green Mushroom	Tree Dungeon, Forest Up North IV
4031147	Axe Stump	Deep Valley I
4031155	Wild Boar	East Rocky Mountain VII
4031239	Curse Eye	Hunting Ground in the Deep Forest II
4031212	Cold Eye	The Lightless Cave
4031311	Leatty	Snowy Hill
4031256	Bone Fish	Deep Sea Gorge I
4031251	Bone Fish	Deep Sea Gorge I
4031253	Pianus	The Cave of Pianus
4031218	Coolie Zombie	Forest of Dead Trees I
4031309	Star Pixie	Cloud Park I
4031252	Shark	The Grave of a Wrecked Ship
4031254	Shark	The Grave of a Wrecked Ship
4031255	Shark	The Grave of a Wrecked Ship
4031926	Chief Gray	Barnard Field
4031089	Bloctopus	Eos Tower 41st Floor
4031090	Mateon	Off-Limits
4031093	Black Ratz	Eos Tower 3rd Floor
4031129	Ratz	Eos Tower 1st Floor
4031206	Mateon	Off-Limits
4031140	Drumming Bunny	Drummer Bunny's Lair
4031135	Drumming Bunny	Drummer Bunny's Lair
4031279	Retz	Helios Tower (100th Floor)
4031269	Cico	Fish Resting Spot
4031241	Moon Bunny	A Small Well
4031115	Master Robo	Toy Factory <Process 2> Zone 1
4031102	Chief Gray	Barnard Field
4031189	Lazy Buffy	Warped Path of Time<1>
4031195	Lazy Buffy	Warped Path of Time<1>
4031464	Griffey	Griffey Forest
4031436	Captain	Pillage of Treasure Island
4031694	Triple Rumo	Lab - Unit 103
4031432	The Book Ghost	Virtuous Forest
4031433	Sage Cat	Goblin Forest 1
4031139	Leader A	Finance of Flaming Raccoon
4031405	Ligator	The Swamp of Despair I
4031680	Electrophant	Ice Chamber
4031674	Barnard Gray	Barnard Field
4031164	Ligator	The Swamp of Despair I
4031170	Buffy	Warped Path of Time<1>
4031171	Buffy	Warped Path of Time<1>
4031175	Gatekeeper	Warped Passage
4031176	Gigantic Spirit Viking	Twisted Time
4031177	Gigantic Spirit Viking	Twisted Time
4031178	Gigantic Spirit Viking	Twisted Time
4031172	Gatekeeper	Warped Passage
4031193	Spirit Viking	Warped Path of Time<4>
4031412	Dark Rash	Peach Monkey Forest
4031413	Dual Birk	Valley of the Antelope
4031414	Dark Cornian	The Hidden Dragon Tomb II
4031415	Dark Wyvern	Canyon : West Road
4001076	Manon	Manon's Forest
4001075	Green Cornian	The Forest That Disappeared
4001077	Red Wyvern	Red Wyvern's Nest
4001079	Green Cornian	The Forest That Disappeared
4001104	Manon	Manon's Forest
4001103	Green Cornian	The Forest That Disappeared
4001105	Red Wyvern	Red Wyvern's Nest
4031343	Manon	Manon's Forest
4031344	Griffey	Griffey Forest
4031511	Griffey	Griffey Forest
4031512	Griffey	Griffey Forest
4031514	Manon	Manon's Forest
4031515	Griffey	Griffey Forest
4031517	Manon	Manon's Forest
4031518	Griffey	Griffey Forest
4031860	Manon	Manon's Forest
4031861	Griffey	Griffey Forest
4031465	Black Kentaurus	The Area of Black Kentaurus
4031487	Black Kentaurus	The Area of Black Kentaurus
4031449	Red Wyvern	Red Wyvern's Nest
4031482	Red Wyvern	Red Wyvern's Nest
4031483	Red Wyvern	Red Wyvern's Nest
4031484	Red Wyvern	Red Wyvern's Nest
4031485	Red Wyvern	Red Wyvern's Nest
4031466	Tauromacis	Sanctuary Entrance I
4031470	The Elemental Thanatos	Room of Thanatos
4031469	The Elemental Thanatos	Room of Thanatos
4031474	Gatekeeper	Warped Passage
4031473	Gatekeeper	Warped Passage
4031496	Gatekeeper	Warped Passage
4031461	Green Cornian1 in Cave	Room of Maze
4032190	Cynical Orange Mushroom	Nefarious Hill
4032314	Orange Mushroom	L Forest III
4032315	Cynical Orange Mushroom	Nefarious Hill
4032316	Dejected Green Mushroom	Dungeon, Southern Forest III
4000483	Tiv	Tiv's Forest
4032096	Tiguru of Exam	The 2nd Drill Hall
4032097	Tiguru of Exam	The 2nd Drill Hall
4032098	Tiguru of Exam	The 2nd Drill Hall
4032099	Tiguru of Exam	The 2nd Drill Hall
4032100	Tiguru of Exam	The 2nd Drill Hall
4032120	Snipe of Competence 	The 3rd Drill Hall
4032121	Snipe of Competence 	The 3rd Drill Hall
4032122	Snipe of Competence 	The 3rd Drill Hall
4032123	Snipe of Competence 	The 3rd Drill Hall
4032124	Snipe of Competence 	The 3rd Drill Hall
4032125	Advanced Pianus	The 4th Drill Hall
4032126	Advanced Pianus	The 4th Drill Hall
4032127	Advanced Pianus	The 4th Drill Hall
4032128	Advanced Pianus	The 4th Drill Hall
4032129	Advanced Pianus	The 4th Drill Hall
4031872	Red Dragon Turtle	Dragon Forest I
4031871	Blue Dragon Turtle	Entrance to Dragon Forest
4031873	Spirit Viking	Warped Path of Time<4>
4031874	Gigantic Spirit Viking	Twisted Time
4001112	Thanatos	Forgotten Passage
4001107	Grim Phantom Watch	Forbidden Time
4001110	Dual Ghost Pirate	Unbalanced Time
4031477	Lycanthrope	Wolf Territory III
4031453	Thanatos	Forgotten Passage
4031479	Griffey	Griffey Forest
4031475	Jr. Balrog	The Cursed Sanctuary
4031460	Lycanthrope	Wolf Territory III
4031457	Griffey	Griffey Forest
4031458	Thanatos	Forgotten Passage
2280004	Grim Phantom Watch	Forbidden Time
2280005	Gigantic Spirit Viking	Twisted Time
2280006	Lycanthrope the Kidnapper	Protect Tylus
4020009	Eye of Time	Memory Lane5
4001008	Jr. Necki (PC)	1st Accompaniment <Last Stage>
4001007	Ligator (PC)	1st Accompaniment <1st Stage>
1452016	Horny Mushroom	Ant Tunnel IV
4001022	Ratz from Another Dimension	Abandoned Tower<Stage 1>
4001156	Ratz from Another Dimension	Abandoned Tower<Stage 7>
4031013	Curse Eye 2	Magician's Tree Dungeon
4031802	Tutorial Jr. Sentinel	In a Small Forest
4031745	Saitie	Authorized Personnel Only
2022524	Golden Pig	Gold Richie's Treasures <11>
2020017	Giant Cake	Sweet Cake Hill 3
2020018	Giant Cake	Sweet Cake Hill 3
2022310	Giant Cake	Sweet Cake Hill 3
4007007	Ratz	Eos Tower 1st Floor
4007002	Retz	Helios Tower (100th Floor)
4007000	Cube Slime	Lab - Unit 101
4007003	Rumo	Lab - Unit 102
4007005	Ligator	The Swamp of Despair I
4007006	Cube Slime	Lab - Unit 101
4007001	Wild Boar	East Rocky Mountain VII
4031059	Dances with Balrog's Clone	The Other Dimension
4031857	OctoPirate	Pirate Test Room
4032311	Scarred Bear	Outside Blacksmith's Shop
4032339	Thief Crow	Find the Black Crow!
1452022	Green Mushroom	Tree Dungeon, Forest Up North IV
1472030	Zombie Mushroom	Ant Tunnel III
1472032	Axe Stump	Deep Valley I
1462014	Ribbon Pig	L Forest II
1462019	Block Golem	Hidden Tower
1332025	Wild Boar	East Rocky Mountain VII
1302020	Green Mushroom	Tree Dungeon, Forest Up North IV
1382039	Firebomb	Fire Chamber
1332056	Hogul	Black Mountain <Valley>
1442024	Jr. Necki	Swamp of the Jr.Necki
1432012	Dark Stump	West Domain of Perion
1382009	Scarf Plead	Frilled Field
1442037	Charmer	Hibiscus Road 1
1322054	Neo Huroid	Lab - Area C-3
1422029	Dark Jr. Yeti	Dangerous Cliff
1312032	Roid 	Lab - Area C-1
1432040	Cellion	Garden of Red II
1442051	Neo Huroid	Lab - Area C-3
1482022	Firebomb	Fire Chamber
1332055	Skeleton Soldier	Camp 1
1462040	Stone Golem	The Entrance of Golem's Temple
1472055	Luster Pixie	Cloud Park VI
4031856	OctoPirate	Pirate Test Room
4032390	Horny Mushroom	Ant Tunnel IV
1382012	Green Mushroom	Tree Dungeon, Forest Up North IV
1492020	Ghost Stump	Deep Valley II
1482021	Chipmunk	Entrance to Sky Forest
1422014	Brown Teddy	Terrace Hall
4000472	Charmer	Hibiscus Road 1
4000474	Froscola	Longest Ride on ByeBye Station
1412027	The Book Ghost	Virtuous Forest
1092047	White Fang	Icy Cold Field
1302064	Sr. Bellflower Root	Bellflower Valley
1372034	Samiho	Fox Ridge
1092030	Bubbling	Line 1 <Area 1>
1482020	Zombie Mushroom	Ant Tunnel III
1412011	Octopus	Tree Dungeon, Forest Up North III
4000468	Oly Oly	Muddy Banks 1
1382015	Charmer	Hibiscus Road 1
4000369	Stopnow	Central Way 1
4000370	Stopnow	Central Way 1
2020028	Stopnow	Central Way 1
4000372	Freezer	Suburban Area 1
4000366	Biner	Central Way 2
4000367	Biner	Central Way 2
4000371	Nospeed	Central Way 3
4001000	Fire Boar	Dangerous Valley II
4000368	Batoo	Central Way 2
4000374	Trucker	Suburban Area 2
4000375	Trucker	Suburban Area 2
4000376	Trucker	Suburban Area 2
4000373	Octobunny	Mysterious Path 2
1002128	Octobunny	Mysterious Path 2
4000380	Pac Pinky	Ghost ship 1
4001005	Dark Stone Golem	The forest of Golem
4000379	Slimy	Ghost Ship 2
4000382	Selkie Jr.	Ghost Ship 5
4000383	Mr. Anchor	Ghost Ship 6
4000465	Chlorotrap	Outskirts of Muddy Banks
2040101	Chlorotrap	Outskirts of Muddy Banks
2040311	Chlorotrap	Outskirts of Muddy Banks
1072055	Chlorotrap	Outskirts of Muddy Banks
4000466	Emo Slime	Outskirts of Muddy Banks
4000467	Dark Fission	Muddy Banks 1
1332021	Extra A	Showa Street 1
1332029	Paper Lantern Ghost	A Night in the Forest
4000471	Rodeo	Muddy Banks 2
1322012	Rodeo	Muddy Banks 2
1372008	Rodeo	Muddy Banks 2
1402017	Rodeo	Muddy Banks 2
4000473	Jester Scarlion	Longest Ride on ByeBye Station
4030009	Stump	Perion Street Corner
1102012	Jester Scarlion	Longest Ride on ByeBye Station
1072018	Jester Scarlion	Longest Ride on ByeBye Station
4000475	Yabber Doo	Fantasy Theme Park 2
4000476	Booper Scarlion	Fantasy Theme Park 2
4000477	Vikerola	Fantasy Theme Park 3
1402033	Vikerola	Fantasy Theme Park 3
1382028	Vikerola	Fantasy Theme Park 3
4000478	Gallopera	Entrance to the Spooky World
2070012	Gallopera	Entrance to the Spooky World
2040613	Gallopera	Entrance to the Spooky World
2290126	Blue Dragon Turtle	Entrance to Dragon Forest
2290127	Red Wyvern	Red Wyvern's Nest
2290128	Dark Wyvern	Canyon : West Road
2290129	Memory Monk	Memory Lane1
2290130	Skelosaurus	The Dragon Nest Left Behind
2290131	Royal Guard	<Year 2503> Air Battleship Area B
2280015	Memory Monk	Memory Lane1
2290136	Memory Guardian	Memory Lane3
2290137	Oblivion Guardian	Road to Oblivion3
2280016	Jr. Newtie	Newt Secured Zone
2290138	Qualm Monk Trainee	Road of Regrets2
2290139	Chief Oblivion Guardian	Road to Oblivion5
2280014	Qualm Monk	Road of Regrets1
2290134	Imperial Guard	<Year 2503> Air Battleship Bow
2290135	Green Cornian	The Forest That Disappeared
2280013	Skelegon	Nest of a Dead Dragon
2290132	Bone Fish	Deep Sea Gorge I
2290133	Skelegon	Nest of a Dead Dragon
2383034	Samiho	Fox Ridge
2381030	Meerkat	North Desert Road 1
2041045	Snail	Snail Hunting Ground II
1302000	Snail	Snail Hunting Ground II
1040002	Snail	Snail Hunting Ground II
1040006	Blue Snail	Purple Plains 1
2380002	Shroom	Mushroom Garden
1312004	Shroom	Mushroom Garden
4001358	Stump	Perion Street Corner
1041002	Stump	Perion Street Corner
1322005	Stump	Perion Street Corner
4001359	Red Snail	Adventurer Training Center 2
1041006	Red Snail	Adventurer Training Center 2
1060022	Red Snail	Adventurer Training Center 2
1452002	Timu	Timu's Forest
2100067	Scorpion	Battle Arena 2
2022266	Scorpion	Battle Arena 2
2022267	Scorpion	Battle Arena 2
2022268	Scorpion	Battle Arena 2
2022269	Scorpion	Battle Arena 2
4001345	Orange Mushroom	L Forest III
4001343	Ribbon Pig	L Forest II
4001342	Ribbon Pig	L Forest II
4001344	Dark Stump	West Domain of Perion
4001356	Dark Stump	West Domain of Perion
4001360	Dark Stump	West Domain of Perion
4030010	Octopus	Tree Dungeon, Forest Up North III
1442013	Green Mushroom	Tree Dungeon, Forest Up North IV
1322023	Bubbling	Line 1 <Area 1>
1072048	Biner	Central Way 2
2044804	Ghost Stump	Deep Valley II
1040018	Ghost Stump	Deep Valley II
2022189	Street Slime	Jungle Clearing
2041044	Royal Cactus	Cactus Desert 2
2381004	Desert Rabbit (F)	Outside East Entrance of Ariant
1040025	Drumming Bunny	Drummer Bunny's Lair
4032027	Glutton Ghoul	Hallway - Where are you?
4032029	Glutton Ghoul	Hallway - Where are you?
4032030	Glutton Ghoul	Hallway - Where are you?
4032028	Glutton Ghoul	Hallway - Where are you?
2022247	Glutton Ghoul	Hallway - Where are you?
2022248	Glutton Ghoul	Hallway - Where are you?
2022249	Glutton Ghoul	Hallway - Where are you?
2022250	Glutton Ghoul	Hallway - Where are you?
2022251	Glutton Ghoul	Hallway - Where are you?
2022246	Glutton Ghoul	Hallway - Where are you?
2022244	Rotting Skeleton	Chimney Possessed by the Skeletons
2381005	Desert Rabbit (M)	Tent of the Entertainers
1442014	Cico	Fish Resting Spot
4030016	Trixter	Eos Tower 73rd Floor
4031072	Trixter	Eos Tower 73rd Floor
1322022	Trixter	Eos Tower 73rd Floor
4001372	Wild Boar	East Rocky Mountain VII
1002579	Wild Boar	East Rocky Mountain VII
4000064	Crow	Crow Forest 2
2022014	Crow	Crow Forest 2
2040013	Crow	Crow Forest 2
2040719	Crow	Crow Forest 2
2044904	Curse Eye	Hunting Ground in the Deep Forest II
1302027	Crow	Crow Forest 2
1072056	Crow	Crow Forest 2
1082032	Crow	Crow Forest 2
4032023	Killa Bee	Soul Corridor
2060004	Killa Bee	Soul Corridor
2061004	Killa Bee	Soul Corridor
4001373	Evil Eye	The Cave of Evil Eye III
1040022	Evil Eye	The Cave of Evil Eye III
4000391	Boomer	Jungle Valley 
1442011	Bubble Fish	Big Fish Valley
1322024	Bubble Fish	Big Fish Valley
4000065	Fire Raccoon	Forest of Animals
2022023	Fire Raccoon	Forest of Animals
1442021	Fire Raccoon	Forest of Animals
1432016	Fire Raccoon	Forest of Animals
1322010	Fire Raccoon	Forest of Animals
1322011	Fire Raccoon	Forest of Animals
2041046	Sentinel	Orbis Tower <15th Floor>
4000066	Cloud Fox	The Mountain of Cloud Fox
1302031	Cloud Fox	The Mountain of Cloud Fox
1002418	Cloud Fox	The Mountain of Cloud Fox
2382001	Drumming Bunny	Drummer Bunny's Lair
2040424	Krip	The Seaweed Tower
4031937	Gryphon	Highlands
2022245	Psycho Jack Box	Foyer
4000399	Psycho Jack	Vanity Room
4003000	Psycho Jack	Vanity Room
1442028	Ligator	The Swamp of Despair I
4030014	Pink Teddy	Cloud Terrace<2>
2043200	Pink Teddy	Cloud Terrace<2>
4001006	Jr. Cellion	Garden of Red I
4031523	Sakura Cellion	Purple Plains 1
4031992	Tick	Crossroad of Time
2044803	Sparker	Turban Shell Hill
2044113	Peach Monkey	Peach Farm1
2044413	Memory Guardian	Memory Lane3
2043116	Neo Huroid	Lab - Area C-3
4000539	Cherry Bubble Tea	1st Floor 2nd Floor Area A
2049208	Greatest Oldies	VIP Zone Area A
2049210	Greatest Oldies	VIP Zone Area A
4001125	Bloctopus	Eos Tower 41st Floor
4030013	Bloctopus	Eos Tower 41st Floor
4030015	Panda Teddy	Toy Factory <Main Process 2>
1032039	Fire Tusk	Fire Chamber
4000541	Mango Bubble Tea	1st Floor 2nd Floor Area D
2040320	Triple Rumo	Lab - Unit 103
1322021	Lorang	A Look-Out Shed Around the Beach
1442027	Lorang	A Look-Out Shed Around the Beach
4031203	Chronos	The Path of Time <2>
4000540	Melon Bubble Tea	1st Floor 2nd Floor Area C
4032508	Yeti Doll Claw Game	3rd Floor 4th Floor Area A
4031593	Indigo Eye	Purplewood Forest 1
2040932	Qualm Monk	Road of Regrets1
1002080	Zombie Lupin	Monkey Swamp III
4031098	Tick-Tock	Whirlpool of Time
4032005	Baby typhon	The Path of Peril
2043108	Baby typhon	The Path of Peril
2044608	Red Slime	<Year 2021> Average Town Entrance
2040410	Baby typhon	The Path of Peril
2040612	Overlord B	<Year 2099> Midnight Harbor Warehouse
1002090	Baby typhon	The Path of Peril
4000222	Paper Lantern Ghost	A Night in the Forest
2060002	Paper Lantern Ghost	A Night in the Forest
2040015	Paper Lantern Ghost	A Night in the Forest
2044408	Paper Lantern Ghost	A Night in the Forest
2040409	Red Slime	<Year 2021> Average Town Entrance
2044108	Paper Lantern Ghost	A Night in the Forest
2044208	Paper Lantern Ghost	A Night in the Forest
4032022	Electrophant	Ice Chamber
1002171	Electrophant	Ice Chamber
4000290	Red Porky	Sky Forest : The Train
4130022	Iron Mutae	Lab - Area B-3
2060003	Red Slime	<Year 2021> Average Town Entrance
1442018	Snow Witch	Watch Out for Icy Path I
1442016	Tortie	Hot Sand
2040030	Master Chronos	Lost Time <2>
2061003	Extra B	Showa Street 1
2041037	Extra B	Showa Street 1
1072063	Extra B	Showa Street 1
2000010	Emo Slime	Outskirts of Muddy Banks
4000525	Kid Mannequin	5th Floor 6th Floor Area A
4032506	Kid Mannequin	5th Floor 6th Floor Area A
4000526	Female Mannequin	5th Floor 6th Floor Area B
4000527	Male Mannequin	5th Floor 6th Floor Area C
4000528	Latest Hits Compilation	7th Floor 8th Floor Area A
4000529	Greatest Oldies	7th Floor 8th Floor Area B
4000536	Cheap Amplifier	7th Floor 8th Floor Area B
4032509	Cheap Amplifier	7th Floor 8th Floor Area B
2049201	Spirit of Rock	VIP Zone Area C
2049203	Spirit of Rock	VIP Zone Area C
2049205	Spirit of Rock	VIP Zone Area C
2049207	Spirit of Rock	VIP Zone Area C
4130018	Dead Scarecrow	Chimney Possessed by the Scarecrow
2040608	Extra C	Showa Street 2
2040524	Water Goblin	Vanished Village
2040814	Extra C	Showa Street 2
1072064	Extra C	Showa Street 2
1002026	Extra C	Showa Street 2
1312012	Extra C	Showa Street 2
2044008	Gryphon	Highlands
2040412	Luster Pixie	Cloud Park VI
1322025	Grupin	Garden of Green II
2044313	Mossy Mushroom	Mushroom Hill Entrance
1032032	Firebrand	Mage Mastery Room
1452023	Red Slime	<Year 2021> Average Town Entrance
2043018	Neo Huroid	Lab - Area C-3
2022017	Nightghost	A Desolate Cemetery
2040522	Nightghost	A Desolate Cemetery
2040017	Nightghost	A Desolate Cemetery
1332030	Nightghost	A Desolate Cemetery
4000223	Water Goblin	Vanished Village
2040720	Water Goblin	Vanished Village
2044508	Water Goblin	Vanished Village
2000009	Rodeo	Muddy Banks 2
2020008	Leader A	Finance of Flaming Raccoon
2041039	Leader A	Finance of Flaming Raccoon
2040330	Peach Monkey	Peach Farm1
2041041	Leader B	Parking Lot
1452018	Leader B	Parking Lot
3010045	Snow Witch	Watch Out for Icy Path I
2384018	Saitie	Authorized Personnel Only
2044013	Qualm Monk	Road of Regrets1
4031435	Captain	Pillage of Treasure Island
4130020	Red Slime	<Year 2021> Average Town Entrance
2040414	Red Slime	<Year 2021> Average Town Entrance
4032007	Windraider	Lower Ascent
2043113	Pianus	The Cave of Pianus
4000546	Silver Slime	<Year 2021> Average Town Playground
4000137	Extra D	Parking Lot
2041036	Extra D	Parking Lot
2043308	Extra D	Parking Lot
1442025	Extra D	Parking Lot
1092018	Extra D	Parking Lot
2384030	Lucida	Hall of Mushroom
1442030	Buffoon	Warped Path of Time<2>
4031741	D. Roy	Lab - Area C-3
4000549	Overlord B	<Year 2099> Midnight Harbor Warehouse
2040624	Overlord B	<Year 2099> Midnight Harbor Warehouse
4000548	Overlord A	<Year 2099> Midnight Harbor Entrance
2040322	Robby	<Year 2215> Bombed City Center Retail District
4000551	Iruvata	<Year 2215> Bombed City Center Overpass
4032475	Lycanthrope	Wolf Territory III
4032006	Stormbreaker	Mage Mastery Room
4031740	Homunscullo	Lab - Unit 202
4000552	Afterlord	<Year 2216> Ruined City Center
2385010	Ghost Pirate	Warped Path of Time<3>
4000553	Prototype Lord	<Year 2216> Ruined City Construction Site
2040028	Prototype Lord	<Year 2216> Ruined City Construction Site
4000554	Maverick Type A	<Year 2230> Dangerous Tower Ventilator
4000555	Maverick Type S	<Year 2230> Dangerous Tower Ventilator
2040325	Maverick Type S	<Year 2230> Dangerous Tower Ventilator
4000557	Imperial Guard	<Year 2503> Air Battleship Bow
2049001	Imperial Guard	<Year 2503> Air Battleship Bow
1442026	Bone Fish	Deep Sea Gorge I
4000558	Royal Guard	<Year 2503> Air Battleship Area B
2044213	Memory Monk Trainee	Memory Lane2
2040611	Male Boss	Showa Street 3
1402013	Male Boss	Showa Street 3
1302026	Male Boss	Showa Street 3
4032010	Elderwraith	Evil Rising
4032011	Elderwraith	Evil Rising
2290017	Cold Shark	The Grave of a Wrecked Ship
2290021	Cold Shark	The Grave of a Wrecked Ship
2290023	Blue Wyvern	Blue Wyvern's Nest
2290041	Chief Oblivion Guardian	Road to Oblivion5
2290047	Crimson Guardian	Crimsonwood Keep
2290049	Oblivion Guardian	Road to Oblivion3
2290065	Gatekeeper	Warped Passage
2290075	Jr. Newtie	Newt Secured Zone
2290085	Dark Wyvern	Canyon : West Road
2290095	Qualm Monk	Road of Regrets1
2290096	Dark Wyvern	Canyon : West Road
2290111	Red Wyvern	Red Wyvern's Nest
2290116	Royal Guard	<Year 2503> Air Battleship Area B
2290125	Qualm Guardian	Road of Regrets3
2040310	Dreamy Ghost	Encounter with the Buddha
2043708	Dreamy Ghost	Encounter with the Buddha
2041038	Dreamy Ghost	Encounter with the Buddha
4032009	Nightshadow	The Wrath of Night
4031903	Headless Horseman	Creeping Evil
2002025	Headless Horseman	Creeping Evil
2002024	Headless Horseman	Creeping Evil
2040016	Headless Horseman	Creeping Evil
2040411	Headless Horseman	Creeping Evil
4031905	Pianus	The Cave of Pianus
4032013	Bigfoot	Twisted Paths
1092042	Skelosaurus	The Dragon Nest Left Behind
1052076	Skelosaurus	The Dragon Nest Left Behind
4000224	Black Crow	Encounter with the Buddha
4031902	Black Crow	Encounter with the Buddha
2022025	Black Crow	Encounter with the Buddha
2041035	Black Crow	Encounter with the Buddha
1032027	Black Crow	Encounter with the Buddha
1402037	Black Crow	Encounter with the Buddha
4032012	Crimson Guardian	Crimsonwood Keep
2040327	Dodo	Memory Lane5
2040721	Female Boss	Parlor
2040912	Giant Cake	Sweet Cake Hill 3
4001004	Curse Eye	Hunting Ground in the Deep Forest II
2386002	Spirit Viking	Warped Path of Time<4>
2382042	Barnard Gray	Barnard Field
2382055	Zeta Gray	Kulan Field III
2382067	Ultra Gray	Kulan Field IV
2383011	Chief Gray	Barnard Field
4001354	Orange Mushroom	L Forest III
4031773	Dark Axe Stump	East Rocky Mountain V
4032399	Zombie Mushroom	Ant Tunnel III
4032008	Firebrand	Mage Mastery Room
2385015	Dual Ghost Pirate	Unbalanced Time
2022355	Chronos	The Path of Time <2>
2022354	Tick-Tock	Whirlpool of Time
2382003	Fire Boar	Dangerous Valley II
2382008	Sand Dwarf 	The Ruins of Desert Nomads
2382010	Dark Sand Dwarf 	The Desert of Dreams
2382046	Desert Giant 	The Giant of the Sunset
2383005	Mummydog	Remains <Tomb> III
2383020	Luster Pixie	Cloud Park VI
2384031	Homunculus	Lab - Unit 203
2384034	D. Roy	Lab - Area C-3
2388015	Eliza	Stage 19 <Eliza>
2388032	Chimera	Stage 20 <Chimera>
4001120	Lord Pirate's Enraged Mr. Alli	Through the Head of the Ship!
4001121	Lord Pirate's Enraged Kru	Through the Head of the Ship!
4001122	Lord Pirate's Enraged Captain	Through the Head of the Ship!
4001117	Lord Pirate's Furious Mr. Alli	Eliminate Pirates!
2022131	Lord Pirate's Devoted Kru	Lord Pirate's Servant II
2022132	Lord Pirate's Devoted Kru	Lord Pirate's Servant II
2022157	Brown Teddy	Carnival Field 1 <Battle Field>
2022158	Brown Teddy	Carnival Field 1 <Battle Field>
2022159	Brown Teddy	Carnival Field 1 <Battle Field>
2022160	Brown Teddy	Carnival Field 1 <Battle Field>
2022161	Brown Teddy	Carnival Field 1 <Battle Field>
2022162	Brown Teddy	Carnival Field 1 <Battle Field>
2022163	Brown Teddy	Carnival Field 1 <Battle Field>
2022164	Brown Teddy	Carnival Field 1 <Battle Field>
2022165	Brown Teddy	Carnival Field 1 <Battle Field>
2022166	Brown Teddy	Carnival Field 1 <Battle Field>
2022174	Brown Teddy	Carnival Field 1 <Battle Field>
2022175	Brown Teddy	Carnival Field 1 <Battle Field>
2022176	Brown Teddy	Carnival Field 1 <Battle Field>
2022177	Brown Teddy	Carnival Field 1 <Battle Field>
2022178	Brown Teddy	Carnival Field 1 <Battle Field>
4001129	Brown Teddy	Carnival Field 1 <Battle Field>
4001161	Poisoned Stone Bug	Deteriorated Forest
2020002	Giant Cake	Sweet Cake Hill 3
2020004	Giant Cake	Sweet Cake Hill 3
2020011	Giant Cake	Sweet Cake Hill 3
2020019	Giant Cake	Sweet Cake Hill 3
2020020	Candle Monster	Untamed Hearts Hunting Ground
1112407	Shade	Line 1 <Area 4>
1112408	Scholar Ghost	Fox Ridge
1052166	Master Dummy	Practice Field : Advanced Level
1122001	Riche	Forest of Dead Trees IV
1122002	Snow Witch	Watch Out for Icy Path I
1122004	Scholar Ghost	Fox Ridge
1122005	Rurumo	Lab - Area B-3
1122006	Shade	Line 1 <Area 4>
1132009	Master Dummy	Practice Field : Advanced Level
2383016	Reinforced Mithril Mutae 	Lab - Area A-1
2383028	Roid 	Lab - Area C-1
4001050	Lunar Pixie in Tower of Goddess	Tower of Goddess <Walkway>
4001052	Cellion in Tower of Goddess	Tower of Goddess <Room 301>
4001074	Cellion in Tower of Goddess	Tower of Goddess <Storage>
4001053	Nependeath in Tower of Goddess	Tower of Goddess <Garden>
4001026	Master Muscle Stone	Room of Courage
4001027	Black Knight	Fountain of the Wiseman
4001028	Myst Knight	Fountain of the Wiseman
4001035	Puppet Golem	Waterway Maze
4001036	Gargoyle	Waterway Maze
4032004	Crimson Tree	The Path of Strength
4032003	Phantom Tree	Crossroads
2043700	Twisted Jester	Chimney Possessed by the Clown
4001087	Green Cornian 2 in Cave	Room of Maze
4001088	Dark Cornian 1 in Cave	1st Room of Maze
4001089	Red Wyvern 1 in Cave	2nd Room of Maze
4001090	Blue Wyvern 1 in Cave	3rd Room of Maze
4001091	Dark Wyvern 1 in Cave	4th Room of Maze
4001092	Skelegon 1 in Cave	5th Room of Maze
4001093	T-Skelegon in Cave	Cave of Light
4001080	Green Cornian1 in Cave	Room of Maze
4001081	Green Cornian1 in Cave	Room of Maze
4001082	Dark Cornian 2 in Cave	1st Room of Maze
1032042	Giant Cake	Sweet Cake Hill 3
1442054	Riche	Forest of Dead Trees IV
1032045	Snow Witch	Watch Out for Icy Path I
1302028	Snow Witch	Watch Out for Icy Path I
1302025	Big Cloud Fox	A Desolate Cemetery
1032050	Scholar Ghost	Fox Ridge
1442050	Scholar Ghost	Fox Ridge
1442055	Rurumo	Lab - Area B-3
1032044	Shade	Line 1 <Area 4>
1302029	Shade	Line 1 <Area 4>
1442066	Shade	Line 1 <Area 4>
1092052	Master Dummy	Practice Field : Advanced Level
1082150	Master Dummy	Practice Field : Advanced Level
2040519	Security Camera	Authorized Personnel Only
2044705	Security Camera	Authorized Personnel Only
2022130	Security Camera	Authorized Personnel Only
2022191	Giant Cake	Sweet Cake Hill 3
2290045	Gatekeeper	Warped Passage
2290081	Gatekeeper	Warped Passage
2290087	Thanatos	Forgotten Passage
4000538	Spirit of Rock	VIP Zone Area C
4001367	Dark Stump	West Domain of Perion
4001368	Horny Mushroom	Ant Tunnel IV
4001369	Green Mushroom	Tree Dungeon, Forest Up North IV
4001370	Green Mushroom	Tree Dungeon, Forest Up North IV
4001371	Dark Stump	West Domain of Perion
4001317	Helmet Pepe	Security Room
4001364	Orange Mushroom	L Forest III
4001365	Octopus	Tree Dungeon, Forest Up North III
4032137	Bubbling	Line 1 <Area 1>
4032139	Bubbling	Line 1 <Area 1>
4001357	Ribbon Pig	L Forest II
4001361	Octopus	Tree Dungeon, Forest Up North III
4032146	Wooden Mask	Excavation Site II
4032147	Rocky Mask	Excavation Site III
4032511	Beetle	Leafre : East Forest
4000545	Red Slime	<Year 2021> Average Town Entrance
4000547	Gold Slime  	<Year 2021> Average Town Outskirt
4032513	Red Slime	<Year 2021> Average Town Entrance
4032514	Overlord A	<Year 2099> Midnight Harbor Entrance
4032516	Dunas	<Year 2215> Bombed City Center Square
4032517	Aufheben	<Year 2216> Ruined City Land Mark
4032518	Oberon	<Year 2230> Dangerous Tower Penthouse
4031568	Meerkat	North Desert Road 1
4031737	Homunscullo	Lab - Unit 202
4032317	Green Mushroom	Tree Dungeon, Forest Up North IV
4032318	Green Mushroom	Tree Dungeon, Forest Up North IV
4001341	Strange Orange Mushroom	Henesys Hunting Ground III
4001347	Dark Stump	West Domain of Perion
4001348	Green Mushroom	Tree Dungeon, Forest Up North IV
4001349	Octopus	Tree Dungeon, Forest Up North III
4001350	Ribbon Pig	L Forest II
4001351	Blue Mushroom	The Road to the Dungeon
4001352	Strange Orange Mushroom	Henesys Hunting Ground III
4001362	Strange Pig	The Forest East of Henesys
4001363	Strange Pig	The Forest East of Henesys
1012098	Giant Cake	Sweet Cake Hill 3
1012101	Giant Cake	Sweet Cake Hill 3
1012102	Giant Cake	Sweet Cake Hill 3
1012103	Giant Cake	Sweet Cake Hill 3
1032040	Giant Cake	Sweet Cake Hill 3
1032041	Giant Cake	Sweet Cake Hill 3
1002508	Giant Cake	Sweet Cake Hill 3
1002509	Giant Cake	Sweet Cake Hill 3
1002510	Giant Cake	Sweet Cake Hill 3
1002511	Giant Cake	Sweet Cake Hill 3
1002758	Giant Cake	Sweet Cake Hill 3
1102166	Giant Cake	Sweet Cake Hill 3
1102167	Giant Cake	Sweet Cake Hill 3
1102168	Giant Cake	Sweet Cake Hill 3
1082252	Giant Cake	Sweet Cake Hill 3
1302033	Giant Cake	Sweet Cake Hill 3
1302058	Giant Cake	Sweet Cake Hill 3
1302065	Giant Cake	Sweet Cake Hill 3
2010005	Giant Cake	Sweet Cake Hill 3
2010006	Giant Cake	Sweet Cake Hill 3
2020022	Giant Cake	Sweet Cake Hill 3
2020023	Giant Cake	Sweet Cake Hill 3
2020024	Giant Cake	Sweet Cake Hill 3
2020025	Giant Cake	Sweet Cake Hill 3
2020026	Giant Cake	Sweet Cake Hill 3
2020027	Giant Cake	Sweet Cake Hill 3
2020032	Giant Cake	Sweet Cake Hill 3
2022004	Giant Cake	Sweet Cake Hill 3
2022005	Giant Cake	Sweet Cake Hill 3
2022006	Giant Cake	Sweet Cake Hill 3
2022015	Giant Cake	Sweet Cake Hill 3
2022031	Giant Cake	Sweet Cake Hill 3
2022043	Giant Cake	Sweet Cake Hill 3
2022044	Giant Cake	Sweet Cake Hill 3
2022045	Giant Cake	Sweet Cake Hill 3
2022047	Giant Cake	Sweet Cake Hill 3
2022058	Giant Cake	Sweet Cake Hill 3
2022068	Giant Cake	Sweet Cake Hill 3
2022069	Giant Cake	Sweet Cake Hill 3
2022071	Giant Cake	Sweet Cake Hill 3
2022072	Giant Cake	Sweet Cake Hill 3
2022075	Giant Cake	Sweet Cake Hill 3
2022079	Giant Cake	Sweet Cake Hill 3
2022117	Giant Cake	Sweet Cake Hill 3
2022190	Giant Cake	Sweet Cake Hill 3
2022195	Giant Cake	Sweet Cake Hill 3
2022276	Giant Cake	Sweet Cake Hill 3
2040315	Giant Cake	Sweet Cake Hill 3
2041059	Giant Cake	Sweet Cake Hill 3
2041060	Giant Cake	Sweet Cake Hill 3
2041061	Giant Cake	Sweet Cake Hill 3
2041062	Giant Cake	Sweet Cake Hill 3
2043013	Giant Cake	Sweet Cake Hill 3
2043208	Giant Cake	Sweet Cake Hill 3
2043808	Giant Cake	Sweet Cake Hill 3
2044308	Giant Cake	Sweet Cake Hill 3
2044708	Giant Cake	Sweet Cake Hill 3
2044810	Giant Cake	Sweet Cake Hill 3
2044905	Giant Cake	Sweet Cake Hill 3
2100120	Giant Cake	Sweet Cake Hill 3
2100121	Giant Cake	Sweet Cake Hill 3
2101023	Giant Cake	Sweet Cake Hill 3
2101000	Giant Cake	Sweet Cake Hill 3
2101001	Giant Cake	Sweet Cake Hill 3
2101013	Giant Cake	Sweet Cake Hill 3
2101110	Giant Cake	Sweet Cake Hill 3
3010025	Giant Cake	Sweet Cake Hill 3
4011000	Giant Cake	Sweet Cake Hill 3
4011001	Giant Cake	Sweet Cake Hill 3
4011002	Giant Cake	Sweet Cake Hill 3
4011003	Giant Cake	Sweet Cake Hill 3
4011004	Giant Cake	Sweet Cake Hill 3
4011005	Giant Cake	Sweet Cake Hill 3
4011006	Giant Cake	Sweet Cake Hill 3
4011008	Giant Cake	Sweet Cake Hill 3
4021000	Giant Cake	Sweet Cake Hill 3
4021001	Giant Cake	Sweet Cake Hill 3
4021002	Giant Cake	Sweet Cake Hill 3
4021003	Giant Cake	Sweet Cake Hill 3
4021004	Giant Cake	Sweet Cake Hill 3
4021005	Giant Cake	Sweet Cake Hill 3
4021006	Giant Cake	Sweet Cake Hill 3
4021007	Giant Cake	Sweet Cake Hill 3
4031348	Giant Cake	Sweet Cake Hill 3
2383007	Mithril  mutae	Lab - Area B-1
4032374	Stump	Perion Street Corner
4032376	Slime	The Tree That Grew II
4032377	Slime	The Tree That Grew II
4032378	Stump	Perion Street Corner
4032379	Green Mushroom	Tree Dungeon, Forest Up North IV
1002858	MV	Treasure Dungeon
1002859	MV	Treasure Dungeon
1002860	MV	Treasure Dungeon
1002861	MV	Treasure Dungeon
2022020	Fire Raccoon	Forest of Animals
2040404	Fire Raccoon	Forest of Animals
2044205	Fire Raccoon	Forest of Animals
1402014	Big Cloud Fox	A Desolate Cemetery
4000077	Big Cloud Fox	A Desolate Cemetery
2022019	Big Cloud Fox	A Desolate Cemetery
2022022	Big Cloud Fox	A Desolate Cemetery
2043305	Big Cloud Fox	A Desolate Cemetery
4000094	Male Boss	Showa Street 3
4032321	Annoyed Zombie Mushroom	Ant Tunnel IV
4032326	Primitive Boar	Boulder Mountain Entrance
4032401	Scorpion	Sahel 1
4032402	Sand Rat	Hill of Sandstorms
4032521	Cherry Bubble Tea	1st Floor 2nd Floor Area A
4001207	Coolie Zombie	Forest of Dead Trees I
4031217	Candle Monster	Untamed Hearts Hunting Ground
4031448	Thanatos	Forgotten Passage
4000089	Extra A	Showa Street 1
4000090	Extra B	Showa Street 1
4000091	Extra C	Showa Street 2
4000092	Leader A	Finance of Flaming Raccoon
4000093	Leader B	Parking Lot
4031524	Jr. Lioner	Garden of Yellow I
4031527	Pink Teddy	Cloud Terrace<2>
4031447	Bob	Drake's Meal Table
2290113	Dark Wyvern	Canyon : West Road
2040103	Scholar Ghost	Fox Ridge
2040209	Scholar Ghost	Fox Ridge
2040204	Rurumo	Lab - Area B-3
2040100	Snow Witch	Watch Out for Icy Path I
2040201	Snow Witch	Watch Out for Icy Path I
2040105	Riche	Forest of Dead Trees IV
2040208	Riche	Forest of Dead Trees IV
2040206	Shade	Line 1 <Area 4>
2040108	Shade	Line 1 <Area 4>
2040102	Bone Fish	Deep Sea Gorge I
2040107	Blue Kentaurus	The Area of Blue Kentaurus
2040202	Yeti and Pepe	Ice Valley II
2040207	Bain	WanWan Spa of Hell
2040104	Taurospear	Sanctuary Entrance IV
2040109	Grim Phantom Watch	Forbidden Time
2040203	Oblivion Monk	Road to Oblivion1
2040205	Risell Squid	Dangerous Sea Gorge II
2048010	Neo Huroid	Lab - Area C-3
2048011	Ultra Gray	Kulan Field IV
2048012	Coolie Zombie	Forest of Dead Trees I
2048013	Master Soul Teddy	Forgotten Path of Time<1>
